,brandstof_omschrijving,cum aantal,datum
0,Benzine,1,1950-04-01
1,Benzine,2,1950-07-01
2,Benzine,8,1951-01-01
3,Benzine,10,1951-02-01
4,Benzine,18,1951-03-01
5,Benzine,24,1951-04-01
6,Benzine,30,1951-05-01
7,Benzine,40,1951-06-01
8,Benzine,49,1951-07-01
9,Benzine,54,1951-08-01
10,Benzine,58,1951-09-01
11,Benzine,62,1951-10-01
12,Benzine,69,1951-11-01
13,Benzine,71,1951-12-01
14,Benzine,76,1952-01-01
15,Benzine,83,1952-02-01
16,Benzine,96,1952-03-01
17,Benzine,102,1952-04-01
18,Benzine,112,1952-05-01
19,Diesel,1,1952-05-01
20,Benzine,120,1952-06-01
21,Benzine,133,1952-07-01
22,Benzine,140,1952-08-01
23,Diesel,3,1952-08-01
24,LPG,1,1952-08-01
25,Benzine,150,1952-09-01
26,Benzine,159,1952-10-01
27,Diesel,10,1952-10-01
28,Benzine,167,1952-11-01
29,Diesel,11,1952-11-01
30,Benzine,187,1952-12-01
31,Benzine,204,1953-01-01
32,Benzine,220,1953-02-01
33,Benzine,239,1953-03-01
34,Diesel,12,1953-03-01
35,Benzine,259,1953-04-01
36,Benzine,281,1953-05-01
37,Benzine,301,1953-06-01
38,Diesel,13,1953-06-01
39,Benzine,316,1953-07-01
40,Benzine,332,1953-08-01
41,Benzine,344,1953-09-01
42,Benzine,358,1953-10-01
43,LPG,2,1953-10-01
44,Benzine,382,1953-11-01
45,Benzine,397,1953-12-01
46,Benzine,411,1954-01-01
47,Benzine,432,1954-02-01
48,Benzine,458,1954-03-01
49,Diesel,14,1954-03-01
50,Benzine,488,1954-04-01
51,Diesel,15,1954-04-01
52,Benzine,508,1954-05-01
53,Diesel,16,1954-05-01
54,Benzine,539,1954-06-01
55,LPG,3,1954-06-01
56,Benzine,571,1954-07-01
57,Benzine,586,1954-08-01
58,Benzine,609,1954-09-01
59,Diesel,17,1954-09-01
60,Benzine,635,1954-10-01
61,Diesel,19,1954-10-01
62,Benzine,651,1954-11-01
63,Benzine,669,1954-12-01
64,Benzine,678,1955-01-01
65,Benzine,697,1955-02-01
66,Benzine,726,1955-03-01
67,LPG,5,1955-03-01
68,Benzine,763,1955-04-01
69,LPG,6,1955-04-01
70,Benzine,792,1955-05-01
71,Diesel,20,1955-05-01
72,LPG,7,1955-05-01
73,Benzine,834,1955-06-01
74,Benzine,867,1955-07-01
75,Diesel,21,1955-07-01
76,LPG,8,1955-07-01
77,Benzine,891,1955-08-01
78,Benzine,915,1955-09-01
79,LPG,9,1955-09-01
80,Benzine,938,1955-10-01
81,Diesel,22,1955-10-01
82,Benzine,959,1955-11-01
83,LPG,10,1955-11-01
84,Benzine,986,1955-12-01
85,Benzine,1022,1956-01-01
86,Benzine,1061,1956-02-01
87,Benzine,1113,1956-03-01
88,Benzine,1183,1956-04-01
89,Benzine,1257,1956-05-01
90,Diesel,24,1956-05-01
91,Benzine,1319,1956-06-01
92,LPG,11,1956-06-01
93,Benzine,1388,1956-07-01
94,Diesel,25,1956-07-01
95,LPG,12,1956-07-01
96,Benzine,1462,1956-08-01
97,Diesel,26,1956-08-01
98,Benzine,1511,1956-09-01
99,Benzine,1563,1956-10-01
100,Diesel,27,1956-10-01
101,Benzine,1621,1956-11-01
102,Benzine,1658,1956-12-01
103,Benzine,1696,1957-01-01
104,Diesel,29,1957-01-01
105,Benzine,1718,1957-02-01
106,Benzine,1756,1957-03-01
107,Diesel,30,1957-03-01
108,Benzine,1792,1957-04-01
109,Benzine,1830,1957-05-01
110,Benzine,1861,1957-06-01
111,Diesel,31,1957-06-01
112,Benzine,1883,1957-07-01
113,LPG,14,1957-07-01
114,Benzine,1916,1957-08-01
115,Diesel,32,1957-08-01
116,Benzine,1936,1957-09-01
117,LPG,16,1957-09-01
118,Benzine,1960,1957-10-01
119,LPG,17,1957-10-01
120,Benzine,1981,1957-11-01
121,Diesel,34,1957-11-01
122,Benzine,1996,1957-12-01
123,Diesel,35,1957-12-01
124,Benzine,2013,1958-01-01
125,Benzine,2034,1958-02-01
126,Benzine,2059,1958-03-01
127,Diesel,36,1958-03-01
128,Benzine,2079,1958-04-01
129,LPG,18,1958-04-01
130,Benzine,2108,1958-05-01
131,Diesel,37,1958-05-01
132,Benzine,2127,1958-06-01
133,Diesel,39,1958-06-01
134,Benzine,2156,1958-07-01
135,Benzine,2172,1958-08-01
136,Benzine,2196,1958-09-01
137,Diesel,40,1958-09-01
138,Benzine,2214,1958-10-01
139,Diesel,41,1958-10-01
140,Benzine,2234,1958-11-01
141,Diesel,42,1958-11-01
142,Benzine,2255,1958-12-01
143,Diesel,43,1958-12-01
144,Benzine,2271,1959-01-01
145,Benzine,2285,1959-02-01
146,Benzine,2306,1959-03-01
147,Diesel,44,1959-03-01
148,LPG,21,1959-03-01
149,Benzine,2335,1959-04-01
150,Diesel,45,1959-04-01
151,LPG,22,1959-04-01
152,Benzine,2388,1959-05-01
153,Benzine,2431,1959-06-01
154,Benzine,2465,1959-07-01
155,Benzine,2475,1959-08-01
156,Diesel,46,1959-08-01
157,Benzine,2498,1959-09-01
158,Diesel,47,1959-09-01
159,Benzine,2529,1959-10-01
160,Diesel,48,1959-10-01
161,LPG,23,1959-10-01
162,Benzine,2549,1959-11-01
163,Diesel,49,1959-11-01
164,LPG,25,1959-11-01
165,Benzine,2571,1959-12-01
166,LPG,27,1959-12-01
167,Benzine,2594,1960-01-01
168,Diesel,50,1960-01-01
169,Benzine,2628,1960-02-01
170,LPG,28,1960-02-01
171,Benzine,2681,1960-03-01
172,Diesel,52,1960-03-01
173,Benzine,2739,1960-04-01
174,LPG,29,1960-04-01
175,Benzine,2787,1960-05-01
176,Diesel,53,1960-05-01
177,LPG,30,1960-05-01
178,Benzine,2838,1960-06-01
179,LPG,31,1960-06-01
180,Benzine,2874,1960-07-01
181,Benzine,2905,1960-08-01
182,Elektriciteit,1,1960-08-01
183,LPG,32,1960-08-01
184,Benzine,2932,1960-09-01
185,Diesel,55,1960-09-01
186,Benzine,2965,1960-10-01
187,Diesel,56,1960-10-01
188,Benzine,2987,1960-11-01
189,Benzine,3014,1960-12-01
190,Benzine,3044,1961-01-01
191,Benzine,3086,1961-02-01
192,Benzine,3151,1961-03-01
193,Diesel,58,1961-03-01
194,LPG,34,1961-03-01
195,Benzine,3192,1961-04-01
196,Diesel,59,1961-04-01
197,Benzine,3246,1961-05-01
198,Diesel,60,1961-05-01
199,Benzine,3288,1961-06-01
200,Diesel,62,1961-06-01
201,LPG,37,1961-06-01
202,Benzine,3338,1961-07-01
203,Diesel,64,1961-07-01
204,Benzine,3374,1961-08-01
205,Diesel,65,1961-08-01
206,LPG,38,1961-08-01
207,Benzine,3424,1961-09-01
208,Diesel,66,1961-09-01
209,LPG,40,1961-09-01
210,Benzine,3465,1961-10-01
211,Diesel,68,1961-10-01
212,LPG,42,1961-10-01
213,Benzine,3505,1961-11-01
214,Diesel,69,1961-11-01
215,LPG,43,1961-11-01
216,Benzine,3535,1961-12-01
217,Benzine,3581,1962-01-01
218,Diesel,72,1962-01-01
219,Benzine,3631,1962-02-01
220,Diesel,73,1962-02-01
221,LPG,44,1962-02-01
222,Benzine,3695,1962-03-01
223,Diesel,74,1962-03-01
224,LPG,45,1962-03-01
225,Benzine,3757,1962-04-01
226,Diesel,75,1962-04-01
227,Benzine,3820,1962-05-01
228,Diesel,77,1962-05-01
229,LPG,46,1962-05-01
230,Benzine,3882,1962-06-01
231,LPG,49,1962-06-01
232,Benzine,3950,1962-07-01
233,LPG,50,1962-07-01
234,Benzine,3997,1962-08-01
235,Diesel,81,1962-08-01
236,LPG,51,1962-08-01
237,Benzine,4034,1962-09-01
238,Diesel,83,1962-09-01
239,LPG,52,1962-09-01
240,Benzine,4077,1962-10-01
241,Diesel,84,1962-10-01
242,Benzine,4129,1962-11-01
243,Diesel,87,1962-11-01
244,LPG,53,1962-11-01
245,Benzine,4153,1962-12-01
246,Diesel,88,1962-12-01
247,LPG,54,1962-12-01
248,Benzine,4186,1963-01-01
249,Benzine,4229,1963-02-01
250,LPG,55,1963-02-01
251,Benzine,4310,1963-03-01
252,Diesel,90,1963-03-01
253,LPG,57,1963-03-01
254,Benzine,4409,1963-04-01
255,LPG,59,1963-04-01
256,Benzine,4511,1963-05-01
257,Diesel,93,1963-05-01
258,LPG,60,1963-05-01
259,Benzine,4602,1963-06-01
260,Diesel,94,1963-06-01
261,LPG,65,1963-06-01
262,Benzine,4706,1963-07-01
263,Diesel,95,1963-07-01
264,LPG,67,1963-07-01
265,Benzine,4755,1963-08-01
266,Diesel,96,1963-08-01
267,Benzine,4803,1963-09-01
268,Diesel,99,1963-09-01
269,Benzine,4873,1963-10-01
270,Diesel,100,1963-10-01
271,LPG,68,1963-10-01
272,Benzine,4918,1963-11-01
273,LPG,70,1963-11-01
274,Benzine,4960,1963-12-01
275,Diesel,101,1963-12-01
276,LPG,71,1963-12-01
277,Benzine,5031,1964-01-01
278,Diesel,102,1964-01-01
279,LPG,72,1964-01-01
280,Benzine,5111,1964-02-01
281,Diesel,106,1964-02-01
282,LPG,76,1964-02-01
283,Benzine,5204,1964-03-01
284,Diesel,108,1964-03-01
285,LPG,83,1964-03-01
286,Benzine,5313,1964-04-01
287,Diesel,110,1964-04-01
288,LPG,87,1964-04-01
289,Benzine,5427,1964-05-01
290,Diesel,112,1964-05-01
291,LPG,91,1964-05-01
292,Benzine,5554,1964-06-01
293,Diesel,114,1964-06-01
294,LPG,97,1964-06-01
295,Benzine,5696,1964-07-01
296,Diesel,115,1964-07-01
297,LPG,104,1964-07-01
298,Benzine,5776,1964-08-01
299,Diesel,117,1964-08-01
300,LPG,107,1964-08-01
301,Benzine,5854,1964-09-01
302,Diesel,121,1964-09-01
303,LPG,109,1964-09-01
304,Benzine,5938,1964-10-01
305,Diesel,124,1964-10-01
306,LPG,112,1964-10-01
307,Benzine,6011,1964-11-01
308,Diesel,125,1964-11-01
309,LPG,115,1964-11-01
310,Benzine,6068,1964-12-01
311,Diesel,127,1964-12-01
312,LPG,123,1964-12-01
313,Benzine,6164,1965-01-01
314,LPG,128,1965-01-01
315,Benzine,6273,1965-02-01
316,Diesel,131,1965-02-01
317,LPG,136,1965-02-01
318,Benzine,6449,1965-03-01
319,Diesel,136,1965-03-01
320,LPG,146,1965-03-01
321,Benzine,6616,1965-04-01
322,Diesel,139,1965-04-01
323,LPG,154,1965-04-01
324,Benzine,6769,1965-05-01
325,Diesel,141,1965-05-01
326,LPG,164,1965-05-01
327,Benzine,6938,1965-06-01
328,Diesel,145,1965-06-01
329,LPG,172,1965-06-01
330,Benzine,7105,1965-07-01
331,Diesel,148,1965-07-01
332,LPG,175,1965-07-01
333,Benzine,7213,1965-08-01
334,Diesel,151,1965-08-01
335,LPG,180,1965-08-01
336,Benzine,7333,1965-09-01
337,Diesel,155,1965-09-01
338,LPG,185,1965-09-01
339,Benzine,7469,1965-10-01
340,Diesel,157,1965-10-01
341,LPG,195,1965-10-01
342,Benzine,7613,1965-11-01
343,Diesel,159,1965-11-01
344,LPG,210,1965-11-01
345,Benzine,7924,1965-12-01
346,Diesel,162,1965-12-01
347,LPG,227,1965-12-01
348,Benzine,7987,1966-01-01
349,LPG,233,1966-01-01
350,Benzine,8042,1966-02-01
351,Diesel,163,1966-02-01
352,LPG,238,1966-02-01
353,Benzine,8149,1966-03-01
354,Diesel,164,1966-03-01
355,LPG,243,1966-03-01
356,Benzine,8306,1966-04-01
357,Diesel,167,1966-04-01
358,LPG,249,1966-04-01
359,Benzine,8466,1966-05-01
360,Diesel,172,1966-05-01
361,LPG,256,1966-05-01
362,Benzine,8655,1966-06-01
363,Diesel,175,1966-06-01
364,LPG,271,1966-06-01
365,Benzine,8812,1966-07-01
366,Diesel,177,1966-07-01
367,LPG,279,1966-07-01
368,Benzine,8931,1966-08-01
369,Diesel,182,1966-08-01
370,LPG,283,1966-08-01
371,Benzine,9069,1966-09-01
372,Diesel,187,1966-09-01
373,LPG,293,1966-09-01
374,Benzine,9178,1966-10-01
375,Diesel,191,1966-10-01
376,LPG,297,1966-10-01
377,Benzine,9306,1966-11-01
378,Diesel,195,1966-11-01
379,LPG,309,1966-11-01
380,Benzine,9413,1966-12-01
381,Diesel,199,1966-12-01
382,LPG,322,1966-12-01
383,Benzine,9544,1967-01-01
384,Diesel,202,1967-01-01
385,LPG,338,1967-01-01
386,Benzine,9694,1967-02-01
387,Diesel,209,1967-02-01
388,LPG,352,1967-02-01
389,Benzine,9960,1967-03-01
390,Diesel,214,1967-03-01
391,LPG,369,1967-03-01
392,Benzine,10147,1967-04-01
393,Diesel,216,1967-04-01
394,LPG,386,1967-04-01
395,Benzine,10378,1967-05-01
396,Diesel,217,1967-05-01
397,LPG,405,1967-05-01
398,Benzine,10639,1967-06-01
399,Diesel,218,1967-06-01
400,LPG,420,1967-06-01
401,Benzine,10814,1967-07-01
402,Diesel,220,1967-07-01
403,LPG,432,1967-07-01
404,Benzine,10947,1967-08-01
405,Diesel,221,1967-08-01
406,LPG,439,1967-08-01
407,Benzine,11091,1967-09-01
408,Diesel,227,1967-09-01
409,LPG,462,1967-09-01
410,Benzine,11260,1967-10-01
411,Diesel,229,1967-10-01
412,Elektriciteit,2,1967-10-01
413,LPG,475,1967-10-01
414,Benzine,11417,1967-11-01
415,Diesel,232,1967-11-01
416,LPG,484,1967-11-01
417,Benzine,11531,1967-12-01
418,Diesel,238,1967-12-01
419,LPG,497,1967-12-01
420,Benzine,11710,1968-01-01
421,Diesel,247,1968-01-01
422,LPG,508,1968-01-01
423,Benzine,11896,1968-02-01
424,Diesel,254,1968-02-01
425,LPG,521,1968-02-01
426,Benzine,12202,1968-03-01
427,Diesel,260,1968-03-01
428,LPG,542,1968-03-01
429,Benzine,12514,1968-04-01
430,Diesel,263,1968-04-01
431,LPG,569,1968-04-01
432,Benzine,12844,1968-05-01
433,Diesel,265,1968-05-01
434,LPG,586,1968-05-01
435,Benzine,13119,1968-06-01
436,Diesel,267,1968-06-01
437,LPG,601,1968-06-01
438,Benzine,13385,1968-07-01
439,Diesel,270,1968-07-01
440,Elektriciteit,3,1968-07-01
441,LPG,612,1968-07-01
442,Benzine,13558,1968-08-01
443,Diesel,274,1968-08-01
444,LPG,616,1968-08-01
445,Benzine,13748,1968-09-01
446,Diesel,277,1968-09-01
447,LPG,628,1968-09-01
448,Benzine,14001,1968-10-01
449,Diesel,279,1968-10-01
450,Elektriciteit,4,1968-10-01
451,LPG,645,1968-10-01
452,Benzine,14211,1968-11-01
453,Diesel,286,1968-11-01
454,LPG,658,1968-11-01
455,Benzine,14400,1968-12-01
456,Diesel,291,1968-12-01
457,LPG,667,1968-12-01
458,Benzine,14636,1969-01-01
459,Diesel,297,1969-01-01
460,LPG,683,1969-01-01
461,Benzine,14814,1969-02-01
462,Diesel,301,1969-02-01
463,LPG,689,1969-02-01
464,Benzine,15156,1969-03-01
465,Diesel,308,1969-03-01
466,LPG,706,1969-03-01
467,Benzine,15570,1969-04-01
468,Diesel,312,1969-04-01
469,LPG,730,1969-04-01
470,Benzine,15948,1969-05-01
471,Diesel,316,1969-05-01
472,LPG,751,1969-05-01
473,Benzine,16308,1969-06-01
474,Diesel,321,1969-06-01
475,LPG,766,1969-06-01
476,Benzine,16609,1969-07-01
477,Diesel,326,1969-07-01
478,LPG,779,1969-07-01
479,Benzine,16843,1969-08-01
480,Diesel,331,1969-08-01
481,LPG,789,1969-08-01
482,Benzine,17050,1969-09-01
483,Diesel,334,1969-09-01
484,LPG,800,1969-09-01
485,Benzine,17313,1969-10-01
486,Diesel,336,1969-10-01
487,LPG,816,1969-10-01
488,Benzine,17511,1969-11-01
489,Diesel,338,1969-11-01
490,LPG,823,1969-11-01
491,Benzine,17644,1969-12-01
492,Diesel,342,1969-12-01
493,LPG,828,1969-12-01
494,Benzine,17875,1970-01-01
495,Diesel,347,1970-01-01
496,LPG,840,1970-01-01
497,Benzine,18093,1970-02-01
498,Diesel,351,1970-02-01
499,LPG,854,1970-02-01
500,Benzine,18386,1970-03-01
501,Diesel,359,1970-03-01
502,LPG,877,1970-03-01
503,Benzine,18777,1970-04-01
504,Diesel,362,1970-04-01
505,LPG,895,1970-04-01
506,Benzine,19156,1970-05-01
507,Diesel,365,1970-05-01
508,LPG,910,1970-05-01
509,Benzine,19554,1970-06-01
510,Diesel,371,1970-06-01
511,LPG,930,1970-06-01
512,Benzine,19907,1970-07-01
513,Diesel,379,1970-07-01
514,LPG,952,1970-07-01
515,Benzine,20176,1970-08-01
516,Diesel,383,1970-08-01
517,Elektriciteit,5,1970-08-01
518,LPG,964,1970-08-01
519,Benzine,20490,1970-09-01
520,Diesel,390,1970-09-01
521,Elektriciteit,6,1970-09-01
522,LPG,968,1970-09-01
523,Benzine,20832,1970-10-01
524,Diesel,396,1970-10-01
525,LPG,984,1970-10-01
526,Benzine,21180,1970-11-01
527,Diesel,399,1970-11-01
528,LPG,1005,1970-11-01
529,Benzine,21507,1970-12-01
530,Diesel,402,1970-12-01
531,LPG,1027,1970-12-01
532,Benzine,21797,1971-01-01
533,Diesel,414,1971-01-01
534,LPG,1041,1971-01-01
535,Benzine,22020,1971-02-01
536,Diesel,419,1971-02-01
537,LPG,1051,1971-02-01
538,Benzine,22423,1971-03-01
539,Diesel,428,1971-03-01
540,LPG,1083,1971-03-01
541,Benzine,22920,1971-04-01
542,Diesel,434,1971-04-01
543,LPG,1107,1971-04-01
544,Benzine,23363,1971-05-01
545,Diesel,443,1971-05-01
546,LPG,1134,1971-05-01
547,Benzine,23814,1971-06-01
548,Diesel,456,1971-06-01
549,Elektriciteit,7,1971-06-01
550,LPG,1156,1971-06-01
551,Benzine,24142,1971-07-01
552,Diesel,463,1971-07-01
553,LPG,1175,1971-07-01
554,Benzine,24461,1971-08-01
555,Diesel,474,1971-08-01
556,LPG,1187,1971-08-01
557,Benzine,24794,1971-09-01
558,Diesel,484,1971-09-01
559,LPG,1205,1971-09-01
560,Benzine,25150,1971-10-01
561,Diesel,492,1971-10-01
562,LPG,1232,1971-10-01
563,Benzine,25451,1971-11-01
564,Diesel,493,1971-11-01
565,LPG,1245,1971-11-01
566,Benzine,25680,1971-12-01
567,Diesel,500,1971-12-01
568,Elektriciteit,8,1971-12-01
569,LPG,1249,1971-12-01
570,Benzine,26102,1972-01-01
571,Diesel,517,1972-01-01
572,LPG,1270,1972-01-01
573,Benzine,26472,1972-02-01
574,Diesel,530,1972-02-01
575,LPG,1291,1972-02-01
576,Benzine,27042,1972-03-01
577,Diesel,541,1972-03-01
578,LPG,1323,1972-03-01
579,Benzine,27484,1972-04-01
580,Diesel,552,1972-04-01
581,LPG,1348,1972-04-01
582,Benzine,28022,1972-05-01
583,Diesel,565,1972-05-01
584,LPG,1371,1972-05-01
585,Benzine,28680,1972-06-01
586,Diesel,584,1972-06-01
587,LPG,1408,1972-06-01
588,Benzine,29131,1972-07-01
589,Diesel,606,1972-07-01
590,LPG,1429,1972-07-01
591,Benzine,29570,1972-08-01
592,Diesel,622,1972-08-01
593,LPG,1445,1972-08-01
594,Benzine,29964,1972-09-01
595,Diesel,644,1972-09-01
596,LPG,1463,1972-09-01
597,Benzine,30456,1972-10-01
598,Diesel,652,1972-10-01
599,LPG,1487,1972-10-01
600,Benzine,31118,1972-11-01
601,Diesel,666,1972-11-01
602,LPG,1513,1972-11-01
603,Benzine,31535,1972-12-01
604,Diesel,675,1972-12-01
605,LPG,1531,1972-12-01
606,Benzine,32258,1973-01-01
607,Diesel,684,1973-01-01
608,Elektriciteit,9,1973-01-01
609,LPG,1560,1973-01-01
610,Benzine,32731,1973-02-01
611,Diesel,703,1973-02-01
612,Elektriciteit,10,1973-02-01
613,LPG,1593,1973-02-01
614,Benzine,33435,1973-03-01
615,Diesel,724,1973-03-01
616,LPG,1625,1973-03-01
617,Benzine,34131,1973-04-01
618,Diesel,735,1973-04-01
619,LPG,1659,1973-04-01
620,Benzine,34863,1973-05-01
621,Diesel,745,1973-05-01
622,LPG,1702,1973-05-01
623,Benzine,35535,1973-06-01
624,Diesel,775,1973-06-01
625,LPG,1737,1973-06-01
626,Benzine,36078,1973-07-01
627,Diesel,794,1973-07-01
628,Elektriciteit,11,1973-07-01
629,LPG,1775,1973-07-01
630,Benzine,36564,1973-08-01
631,Diesel,805,1973-08-01
632,LPG,1799,1973-08-01
633,Benzine,36996,1973-09-01
634,Diesel,817,1973-09-01
635,LPG,1833,1973-09-01
636,Benzine,37648,1973-10-01
637,Diesel,829,1973-10-01
638,LPG,1865,1973-10-01
639,Benzine,38038,1973-11-01
640,Diesel,845,1973-11-01
641,Elektriciteit,12,1973-11-01
642,LPG,1885,1973-11-01
643,Benzine,38252,1973-12-01
644,Diesel,851,1973-12-01
645,LPG,1906,1973-12-01
646,Benzine,38637,1974-01-01
647,Diesel,871,1974-01-01
648,LPG,1929,1974-01-01
649,Benzine,38987,1974-02-01
650,Diesel,890,1974-02-01
651,LPG,1948,1974-02-01
652,Benzine,39544,1974-03-01
653,Diesel,912,1974-03-01
654,LPG,1977,1974-03-01
655,Benzine,40056,1974-04-01
656,Diesel,932,1974-04-01
657,LPG,2000,1974-04-01
658,Benzine,40670,1974-05-01
659,Diesel,950,1974-05-01
660,LPG,2038,1974-05-01
661,Benzine,41151,1974-06-01
662,Diesel,974,1974-06-01
663,LPG,2065,1974-06-01
664,Benzine,41565,1974-07-01
665,Diesel,996,1974-07-01
666,Elektriciteit,13,1974-07-01
667,LPG,2087,1974-07-01
668,Benzine,41959,1974-08-01
669,Diesel,1015,1974-08-01
670,LPG,2100,1974-08-01
671,Benzine,42296,1974-09-01
672,Diesel,1029,1974-09-01
673,LPG,2119,1974-09-01
674,Benzine,42684,1974-10-01
675,Diesel,1048,1974-10-01
676,LPG,2136,1974-10-01
677,Benzine,43084,1974-11-01
678,Diesel,1071,1974-11-01
679,LPG,2155,1974-11-01
680,Benzine,43370,1974-12-01
681,Diesel,1087,1974-12-01
682,LPG,2171,1974-12-01
683,Benzine,43934,1975-01-01
684,Diesel,1122,1975-01-01
685,LPG,2195,1975-01-01
686,Benzine,44335,1975-02-01
687,Diesel,1150,1975-02-01
688,Elektriciteit,14,1975-02-01
689,LPG,2213,1975-02-01
690,Benzine,44836,1975-03-01
691,Diesel,1180,1975-03-01
692,LPG,2223,1975-03-01
693,Benzine,45409,1975-04-01
694,Diesel,1197,1975-04-01
695,LPG,2251,1975-04-01
696,Benzine,45985,1975-05-01
697,Diesel,1217,1975-05-01
698,LPG,2272,1975-05-01
699,Benzine,46507,1975-06-01
700,Diesel,1246,1975-06-01
701,LPG,2304,1975-06-01
702,Benzine,46970,1975-07-01
703,Diesel,1271,1975-07-01
704,LPG,2324,1975-07-01
705,Benzine,47336,1975-08-01
706,Diesel,1291,1975-08-01
707,Elektriciteit,15,1975-08-01
708,LPG,2337,1975-08-01
709,Benzine,47694,1975-09-01
710,Diesel,1315,1975-09-01
711,LPG,2352,1975-09-01
712,Benzine,48095,1975-10-01
713,Diesel,1345,1975-10-01
714,LPG,2376,1975-10-01
715,Benzine,48417,1975-11-01
716,Diesel,1373,1975-11-01
717,LPG,2395,1975-11-01
718,Benzine,48625,1975-12-01
719,Diesel,1392,1975-12-01
720,LPG,2407,1975-12-01
721,Benzine,49136,1976-01-01
722,Diesel,1436,1976-01-01
723,LPG,2427,1976-01-01
724,Benzine,49498,1976-02-01
725,Diesel,1453,1976-02-01
726,LPG,2446,1976-02-01
727,Benzine,49899,1976-03-01
728,Diesel,1485,1976-03-01
729,LPG,2457,1976-03-01
730,Benzine,50390,1976-04-01
731,Diesel,1508,1976-04-01
732,LPG,2473,1976-04-01
733,Benzine,50784,1976-05-01
734,Diesel,1531,1976-05-01
735,LPG,2494,1976-05-01
736,Benzine,51271,1976-06-01
737,Diesel,1558,1976-06-01
738,LPG,2520,1976-06-01
739,Benzine,51635,1976-07-01
740,Diesel,1574,1976-07-01
741,LPG,2537,1976-07-01
742,Benzine,51917,1976-08-01
743,Diesel,1598,1976-08-01
744,LPG,2552,1976-08-01
745,Benzine,52332,1976-09-01
746,Diesel,1630,1976-09-01
747,LPG,2568,1976-09-01
748,Benzine,52631,1976-10-01
749,Diesel,1657,1976-10-01
750,Elektriciteit,16,1976-10-01
751,LPG,2584,1976-10-01
752,Benzine,52906,1976-11-01
753,Diesel,1688,1976-11-01
754,LPG,2599,1976-11-01
755,Benzine,53078,1976-12-01
756,Diesel,1701,1976-12-01
757,LPG,2612,1976-12-01
758,Benzine,53523,1977-01-01
759,Diesel,1749,1977-01-01
760,LPG,2637,1977-01-01
761,Benzine,53874,1977-02-01
762,Diesel,1774,1977-02-01
763,LPG,2658,1977-02-01
764,Benzine,54392,1977-03-01
765,Diesel,1811,1977-03-01
766,LPG,2682,1977-03-01
767,Benzine,54961,1977-04-01
768,Diesel,1856,1977-04-01
769,LPG,2707,1977-04-01
770,Benzine,55504,1977-05-01
771,Diesel,1894,1977-05-01
772,LPG,2733,1977-05-01
773,Benzine,56151,1977-06-01
774,Diesel,1934,1977-06-01
775,LPG,2759,1977-06-01
776,Benzine,56614,1977-07-01
777,Diesel,1950,1977-07-01
778,LPG,2782,1977-07-01
779,Benzine,57101,1977-08-01
780,Diesel,1973,1977-08-01
781,LPG,2812,1977-08-01
782,Benzine,57585,1977-09-01
783,Diesel,2008,1977-09-01
784,LPG,2827,1977-09-01
785,Benzine,58016,1977-10-01
786,Diesel,2042,1977-10-01
787,LPG,2846,1977-10-01
788,Benzine,58392,1977-11-01
789,Diesel,2091,1977-11-01
790,LPG,2868,1977-11-01
791,Benzine,58611,1977-12-01
792,Diesel,2108,1977-12-01
793,LPG,2884,1977-12-01
794,Benzine,59291,1978-01-01
795,Diesel,2156,1978-01-01
796,Elektriciteit,17,1978-01-01
797,LPG,2919,1978-01-01
798,Benzine,59767,1978-02-01
799,Diesel,2185,1978-02-01
800,LPG,2945,1978-02-01
801,Benzine,60454,1978-03-01
802,Diesel,2220,1978-03-01
803,LPG,2977,1978-03-01
804,Benzine,61070,1978-04-01
805,Diesel,2259,1978-04-01
806,LPG,3014,1978-04-01
807,Benzine,61699,1978-05-01
808,Diesel,2303,1978-05-01
809,LPG,3044,1978-05-01
810,Benzine,62484,1978-06-01
811,Diesel,2347,1978-06-01
812,LPG,3084,1978-06-01
813,Benzine,63062,1978-07-01
814,Diesel,2389,1978-07-01
815,LPG,3114,1978-07-01
816,Benzine,63594,1978-08-01
817,Diesel,2421,1978-08-01
818,Elektriciteit,18,1978-08-01
819,LPG,3132,1978-08-01
820,Benzine,64051,1978-09-01
821,Diesel,2456,1978-09-01
822,LPG,3156,1978-09-01
823,Benzine,64518,1978-10-01
824,Diesel,2505,1978-10-01
825,LPG,3180,1978-10-01
826,Benzine,64909,1978-11-01
827,Diesel,2548,1978-11-01
828,LPG,3209,1978-11-01
829,Benzine,65124,1978-12-01
830,Diesel,2571,1978-12-01
831,LPG,3227,1978-12-01
832,Benzine,65756,1979-01-01
833,Diesel,2622,1979-01-01
834,LPG,3267,1979-01-01
835,Benzine,66203,1979-02-01
836,Diesel,2660,1979-02-01
837,LPG,3297,1979-02-01
838,Benzine,67007,1979-03-01
839,Diesel,2720,1979-03-01
840,LPG,3332,1979-03-01
841,Benzine,67775,1979-04-01
842,Diesel,2770,1979-04-01
843,LPG,3373,1979-04-01
844,Benzine,68584,1979-05-01
845,Diesel,2822,1979-05-01
846,LPG,3411,1979-05-01
847,Benzine,69231,1979-06-01
848,Diesel,2873,1979-06-01
849,LPG,3448,1979-06-01
850,Benzine,69788,1979-07-01
851,Diesel,2926,1979-07-01
852,LPG,3480,1979-07-01
853,Benzine,70268,1979-08-01
854,Diesel,2972,1979-08-01
855,LPG,3497,1979-08-01
856,Benzine,70693,1979-09-01
857,Diesel,3007,1979-09-01
858,LPG,3511,1979-09-01
859,Benzine,71138,1979-10-01
860,Diesel,3048,1979-10-01
861,LPG,3538,1979-10-01
862,Benzine,71558,1979-11-01
863,Diesel,3092,1979-11-01
864,LPG,3562,1979-11-01
865,Benzine,71773,1979-12-01
866,Diesel,3114,1979-12-01
867,LPG,3576,1979-12-01
868,Benzine,72559,1980-01-01
869,Diesel,3189,1980-01-01
870,LPG,3617,1980-01-01
871,Benzine,72961,1980-02-01
872,Diesel,3227,1980-02-01
873,LPG,3637,1980-02-01
874,Benzine,73377,1980-03-01
875,Diesel,3263,1980-03-01
876,LPG,3658,1980-03-01
877,Benzine,73783,1980-04-01
878,Diesel,3293,1980-04-01
879,LPG,3670,1980-04-01
880,Benzine,74247,1980-05-01
881,Diesel,3333,1980-05-01
882,LPG,3694,1980-05-01
883,Benzine,74721,1980-06-01
884,Diesel,3369,1980-06-01
885,LPG,3717,1980-06-01
886,Benzine,75134,1980-07-01
887,Diesel,3404,1980-07-01
888,LPG,3730,1980-07-01
889,Benzine,75480,1980-08-01
890,Diesel,3433,1980-08-01
891,LPG,3740,1980-08-01
892,Benzine,75814,1980-09-01
893,Diesel,3471,1980-09-01
894,LPG,3758,1980-09-01
895,Benzine,76167,1980-10-01
896,Diesel,3506,1980-10-01
897,LPG,3780,1980-10-01
898,Benzine,76409,1980-11-01
899,Diesel,3541,1980-11-01
900,LPG,3790,1980-11-01
901,Benzine,76546,1980-12-01
902,Diesel,3560,1980-12-01
903,LPG,3804,1980-12-01
904,Benzine,77069,1981-01-01
905,Diesel,3615,1981-01-01
906,LPG,3824,1981-01-01
907,Benzine,77462,1981-02-01
908,Diesel,3651,1981-02-01
909,LPG,3837,1981-02-01
910,Benzine,77944,1981-03-01
911,Diesel,3702,1981-03-01
912,LPG,3855,1981-03-01
913,Benzine,78435,1981-04-01
914,Diesel,3743,1981-04-01
915,LPG,3876,1981-04-01
916,Benzine,78947,1981-05-01
917,Diesel,3781,1981-05-01
918,LPG,3893,1981-05-01
919,Benzine,79497,1981-06-01
920,Diesel,3837,1981-06-01
921,Elektriciteit,19,1981-06-01
922,LPG,3908,1981-06-01
923,Benzine,80000,1981-07-01
924,Diesel,3876,1981-07-01
925,LPG,3927,1981-07-01
926,Benzine,80361,1981-08-01
927,Diesel,3908,1981-08-01
928,LPG,3939,1981-08-01
929,Benzine,80672,1981-09-01
930,Diesel,3936,1981-09-01
931,LPG,3951,1981-09-01
932,Benzine,81028,1981-10-01
933,Diesel,3980,1981-10-01
934,Elektriciteit,20,1981-10-01
935,LPG,3960,1981-10-01
936,Benzine,81280,1981-11-01
937,Diesel,4030,1981-11-01
938,LPG,3964,1981-11-01
939,Benzine,81406,1981-12-01
940,Diesel,4045,1981-12-01
941,LPG,3971,1981-12-01
942,Benzine,81962,1982-01-01
943,Diesel,4107,1982-01-01
944,LPG,3983,1982-01-01
945,Benzine,82362,1982-02-01
946,Diesel,4158,1982-02-01
947,Elektriciteit,22,1982-02-01
948,LPG,3998,1982-02-01
949,Benzine,83131,1982-03-01
950,Diesel,4217,1982-03-01
951,LPG,4008,1982-03-01
952,Benzine,83837,1982-04-01
953,Diesel,4273,1982-04-01
954,LPG,4024,1982-04-01
955,Benzine,84450,1982-05-01
956,Diesel,4315,1982-05-01
957,LPG,4030,1982-05-01
958,Benzine,85077,1982-06-01
959,Diesel,4369,1982-06-01
960,LPG,4037,1982-06-01
961,Benzine,85629,1982-07-01
962,Diesel,4422,1982-07-01
963,LPG,4045,1982-07-01
964,Benzine,86073,1982-08-01
965,Diesel,4466,1982-08-01
966,LPG,4054,1982-08-01
967,Benzine,86567,1982-09-01
968,Diesel,4537,1982-09-01
969,LPG,4067,1982-09-01
970,Benzine,87110,1982-10-01
971,Diesel,4585,1982-10-01
972,LPG,4069,1982-10-01
973,Benzine,87597,1982-11-01
974,Diesel,4631,1982-11-01
975,LPG,4075,1982-11-01
976,Benzine,87808,1982-12-01
977,Diesel,4649,1982-12-01
978,LPG,4084,1982-12-01
979,Benzine,88746,1983-01-01
980,Diesel,4749,1983-01-01
981,Elektriciteit,23,1983-01-01
982,LPG,4093,1983-01-01
983,Benzine,89327,1983-02-01
984,Diesel,4798,1983-02-01
985,LPG,4101,1983-02-01
986,Benzine,90260,1983-03-01
987,Diesel,4869,1983-03-01
988,LPG,4108,1983-03-01
989,Benzine,91093,1983-04-01
990,Diesel,4948,1983-04-01
991,Elektriciteit,24,1983-04-01
992,LPG,4119,1983-04-01
993,Benzine,91837,1983-05-01
994,Diesel,5020,1983-05-01
995,LPG,4131,1983-05-01
996,Waterstof,1,1983-05-01
997,Benzine,92761,1983-06-01
998,Diesel,5091,1983-06-01
999,LPG,4144,1983-06-01
1000,Benzine,93458,1983-07-01
1001,Diesel,5162,1983-07-01
1002,LPG,4156,1983-07-01
1003,Benzine,94101,1983-08-01
1004,Diesel,5222,1983-08-01
1005,LPG,4168,1983-08-01
1006,Benzine,94766,1983-09-01
1007,Diesel,5286,1983-09-01
1008,LPG,4175,1983-09-01
1009,Benzine,95516,1983-10-01
1010,Diesel,5365,1983-10-01
1011,LPG,4183,1983-10-01
1012,Benzine,96005,1983-11-01
1013,Diesel,5415,1983-11-01
1014,LPG,4189,1983-11-01
1015,Benzine,96239,1983-12-01
1016,Diesel,5437,1983-12-01
1017,LPG,4196,1983-12-01
1018,Benzine,97370,1984-01-01
1019,Diesel,5533,1984-01-01
1020,LPG,4212,1984-01-01
1021,Benzine,97959,1984-02-01
1022,Diesel,5609,1984-02-01
1023,LPG,4227,1984-02-01
1024,Benzine,98720,1984-03-01
1025,CNG,1,1984-03-01
1026,Diesel,5675,1984-03-01
1027,LPG,4241,1984-03-01
1028,Benzine,99452,1984-04-01
1029,Diesel,5752,1984-04-01
1030,Elektriciteit,26,1984-04-01
1031,LPG,4258,1984-04-01
1032,Benzine,100261,1984-05-01
1033,Diesel,5848,1984-05-01
1034,LPG,4273,1984-05-01
1035,Benzine,100905,1984-06-01
1036,Diesel,5920,1984-06-01
1037,LPG,4281,1984-06-01
1038,Benzine,101424,1984-07-01
1039,Diesel,5974,1984-07-01
1040,LPG,4286,1984-07-01
1041,Benzine,101945,1984-08-01
1042,Diesel,6036,1984-08-01
1043,LPG,4296,1984-08-01
1044,Benzine,102485,1984-09-01
1045,Diesel,6103,1984-09-01
1046,LPG,4306,1984-09-01
1047,Benzine,103050,1984-10-01
1048,Diesel,6180,1984-10-01
1049,Elektriciteit,27,1984-10-01
1050,LPG,4315,1984-10-01
1051,Benzine,103473,1984-11-01
1052,Diesel,6256,1984-11-01
1053,LPG,4321,1984-11-01
1054,Benzine,103644,1984-12-01
1055,Diesel,6277,1984-12-01
1056,LPG,4327,1984-12-01
1057,Benzine,104419,1985-01-01
1058,Diesel,6401,1985-01-01
1059,LPG,4340,1985-01-01
1060,Benzine,104953,1985-02-01
1061,Diesel,6472,1985-02-01
1062,LPG,4345,1985-02-01
1063,Benzine,105841,1985-03-01
1064,Diesel,6550,1985-03-01
1065,LPG,4355,1985-03-01
1066,Benzine,106673,1985-04-01
1067,Diesel,6634,1985-04-01
1068,LPG,4361,1985-04-01
1069,Benzine,107494,1985-05-01
1070,Diesel,6727,1985-05-01
1071,LPG,4375,1985-05-01
1072,Benzine,108224,1985-06-01
1073,Diesel,6808,1985-06-01
1074,Elektriciteit,28,1985-06-01
1075,LPG,4389,1985-06-01
1076,Benzine,108963,1985-07-01
1077,Diesel,6900,1985-07-01
1078,LPG,4404,1985-07-01
1079,Benzine,109520,1985-08-01
1080,Diesel,6980,1985-08-01
1081,LPG,4409,1985-08-01
1082,Benzine,110025,1985-09-01
1083,Diesel,7045,1985-09-01
1084,LPG,4413,1985-09-01
1085,Benzine,110654,1985-10-01
1086,Diesel,7105,1985-10-01
1087,LPG,4417,1985-10-01
1088,Benzine,111168,1985-11-01
1089,Diesel,7172,1985-11-01
1090,LPG,4424,1985-11-01
1091,Benzine,111407,1985-12-01
1092,Diesel,7199,1985-12-01
1093,LPG,4428,1985-12-01
1094,Benzine,112522,1986-01-01
1095,Diesel,7337,1986-01-01
1096,LPG,4445,1986-01-01
1097,Benzine,113165,1986-02-01
1098,Diesel,7423,1986-02-01
1099,LPG,4453,1986-02-01
1100,Benzine,114133,1986-03-01
1101,Diesel,7522,1986-03-01
1102,LPG,4459,1986-03-01
1103,Benzine,115198,1986-04-01
1104,Diesel,7624,1986-04-01
1105,LPG,4466,1986-04-01
1106,Benzine,116095,1986-05-01
1107,Diesel,7717,1986-05-01
1108,LPG,4478,1986-05-01
1109,Benzine,117081,1986-06-01
1110,Diesel,7836,1986-06-01
1111,Elektriciteit,29,1986-06-01
1112,LPG,4491,1986-06-01
1113,Benzine,117902,1986-07-01
1114,Diesel,7931,1986-07-01
1115,LPG,4504,1986-07-01
1116,Benzine,118641,1986-08-01
1117,Diesel,8000,1986-08-01
1118,LPG,4515,1986-08-01
1119,Benzine,119647,1986-09-01
1120,Diesel,8087,1986-09-01
1121,LPG,4525,1986-09-01
1122,Benzine,120436,1986-10-01
1123,Diesel,8186,1986-10-01
1124,LPG,4534,1986-10-01
1125,Benzine,121000,1986-11-01
1126,Diesel,8246,1986-11-01
1127,LPG,4549,1986-11-01
1128,Benzine,121268,1986-12-01
1129,Diesel,8279,1986-12-01
1130,LPG,4564,1986-12-01
1131,Benzine,122507,1987-01-01
1132,Diesel,8409,1987-01-01
1133,LPG,4570,1987-01-01
1134,Benzine,123132,1987-02-01
1135,Diesel,8465,1987-02-01
1136,LPG,4581,1987-02-01
1137,Benzine,123984,1987-03-01
1138,Diesel,8563,1987-03-01
1139,LPG,4591,1987-03-01
1140,Benzine,124853,1987-04-01
1141,Diesel,8668,1987-04-01
1142,LPG,4599,1987-04-01
1143,Benzine,125694,1987-05-01
1144,Diesel,8767,1987-05-01
1145,LPG,4612,1987-05-01
1146,Benzine,126549,1987-06-01
1147,Diesel,8870,1987-06-01
1148,LPG,4619,1987-06-01
1149,Benzine,127397,1987-07-01
1150,Diesel,8945,1987-07-01
1151,LPG,4626,1987-07-01
1152,Benzine,127983,1987-08-01
1153,Diesel,9018,1987-08-01
1154,LPG,4635,1987-08-01
1155,Benzine,128727,1987-09-01
1156,Diesel,9104,1987-09-01
1157,LPG,4647,1987-09-01
1158,Benzine,129642,1987-10-01
1159,Diesel,9161,1987-10-01
1160,Elektriciteit,30,1987-10-01
1161,LPG,4660,1987-10-01
1162,Benzine,130175,1987-11-01
1163,Diesel,9221,1987-11-01
1164,LPG,4663,1987-11-01
1165,Benzine,130514,1987-12-01
1166,Diesel,9262,1987-12-01
1167,LPG,4672,1987-12-01
1168,Benzine,131677,1988-01-01
1169,Diesel,9403,1988-01-01
1170,LPG,4679,1988-01-01
1171,Benzine,132187,1988-02-01
1172,Diesel,9462,1988-02-01
1173,LPG,4684,1988-02-01
1174,Benzine,132956,1988-03-01
1175,Diesel,9565,1988-03-01
1176,LPG,4700,1988-03-01
1177,Benzine,133695,1988-04-01
1178,Diesel,9650,1988-04-01
1179,LPG,4713,1988-04-01
1180,Benzine,134425,1988-05-01
1181,Diesel,9716,1988-05-01
1182,LPG,4722,1988-05-01
1183,Benzine,135220,1988-06-01
1184,CNG,2,1988-06-01
1185,Diesel,9833,1988-06-01
1186,LPG,4737,1988-06-01
1187,Benzine,135864,1988-07-01
1188,Diesel,9915,1988-07-01
1189,LPG,4751,1988-07-01
1190,Benzine,136379,1988-08-01
1191,Diesel,9961,1988-08-01
1192,LPG,4769,1988-08-01
1193,Benzine,136953,1988-09-01
1194,Diesel,10015,1988-09-01
1195,LPG,4784,1988-09-01
1196,Benzine,137477,1988-10-01
1197,Diesel,10072,1988-10-01
1198,LPG,4796,1988-10-01
1199,Benzine,137933,1988-11-01
1200,Diesel,10115,1988-11-01
1201,LPG,4800,1988-11-01
1202,Benzine,138200,1988-12-01
1203,Diesel,10131,1988-12-01
1204,LPG,4816,1988-12-01
1205,Benzine,139217,1989-01-01
1206,Diesel,10255,1989-01-01
1207,LPG,4831,1989-01-01
1208,Benzine,139833,1989-02-01
1209,Diesel,10320,1989-02-01
1210,LPG,4843,1989-02-01
1211,Benzine,140579,1989-03-01
1212,Diesel,10422,1989-03-01
1213,LPG,4852,1989-03-01
1214,Benzine,141355,1989-04-01
1215,Diesel,10538,1989-04-01
1216,LPG,4874,1989-04-01
1217,Benzine,142104,1989-05-01
1218,Diesel,10639,1989-05-01
1219,LPG,4888,1989-05-01
1220,Benzine,143001,1989-06-01
1221,Diesel,10746,1989-06-01
1222,LPG,4906,1989-06-01
1223,Benzine,143726,1989-07-01
1224,Diesel,10835,1989-07-01
1225,LPG,4921,1989-07-01
1226,Benzine,144366,1989-08-01
1227,Diesel,10909,1989-08-01
1228,LPG,4932,1989-08-01
1229,Benzine,144941,1989-09-01
1230,Diesel,10962,1989-09-01
1231,LPG,4942,1989-09-01
1232,Benzine,145627,1989-10-01
1233,Diesel,11039,1989-10-01
1234,LPG,4948,1989-10-01
1235,Benzine,146131,1989-11-01
1236,Diesel,11076,1989-11-01
1237,LPG,4958,1989-11-01
1238,Benzine,146376,1989-12-01
1239,Diesel,11100,1989-12-01
1240,LPG,4964,1989-12-01
1241,Benzine,147585,1990-01-01
1242,Diesel,11211,1990-01-01
1243,LPG,4975,1990-01-01
1244,Benzine,148188,1990-02-01
1245,Diesel,11287,1990-02-01
1246,LPG,4981,1990-02-01
1247,Benzine,149246,1990-03-01
1248,Diesel,11387,1990-03-01
1249,LPG,4993,1990-03-01
1250,Benzine,150238,1990-04-01
1251,Diesel,11492,1990-04-01
1252,Elektriciteit,31,1990-04-01
1253,LPG,5006,1990-04-01
1254,Benzine,151246,1990-05-01
1255,Diesel,11611,1990-05-01
1256,LPG,5021,1990-05-01
1257,Benzine,152343,1990-06-01
1258,Diesel,11722,1990-06-01
1259,LPG,5038,1990-06-01
1260,Benzine,153295,1990-07-01
1261,Diesel,11818,1990-07-01
1262,LPG,5054,1990-07-01
1263,Benzine,154207,1990-08-01
1264,Diesel,11883,1990-08-01
1265,Elektriciteit,32,1990-08-01
1266,LPG,5068,1990-08-01
1267,Benzine,154945,1990-09-01
1268,Diesel,11942,1990-09-01
1269,LPG,5079,1990-09-01
1270,Benzine,155762,1990-10-01
1271,Diesel,12007,1990-10-01
1272,LPG,5093,1990-10-01
1273,Benzine,156427,1990-11-01
1274,Diesel,12068,1990-11-01
1275,LPG,5100,1990-11-01
1276,Benzine,156728,1990-12-01
1277,Diesel,12092,1990-12-01
1278,LPG,5114,1990-12-01
1279,Benzine,158231,1991-01-01
1280,Diesel,12213,1991-01-01
1281,Elektriciteit,33,1991-01-01
1282,LPG,5126,1991-01-01
1283,Benzine,159022,1991-02-01
1284,Diesel,12287,1991-02-01
1285,LPG,5132,1991-02-01
1286,Benzine,160223,1991-03-01
1287,Diesel,12411,1991-03-01
1288,Elektriciteit,34,1991-03-01
1289,LPG,5148,1991-03-01
1290,Benzine,161411,1991-04-01
1291,Diesel,12517,1991-04-01
1292,LPG,5165,1991-04-01
1293,Benzine,162740,1991-05-01
1294,Diesel,12641,1991-05-01
1295,LPG,5188,1991-05-01
1296,Benzine,163970,1991-06-01
1297,Diesel,12756,1991-06-01
1298,LPG,5218,1991-06-01
1299,Benzine,165172,1991-07-01
1300,Diesel,12859,1991-07-01
1301,LPG,5241,1991-07-01
1302,Benzine,166113,1991-08-01
1303,Diesel,12914,1991-08-01
1304,LPG,5263,1991-08-01
1305,Benzine,166997,1991-09-01
1306,Diesel,12948,1991-09-01
1307,LPG,5282,1991-09-01
1308,Benzine,167959,1991-10-01
1309,Diesel,13003,1991-10-01
1310,Elektriciteit,36,1991-10-01
1311,LPG,5289,1991-10-01
1312,Benzine,168719,1991-11-01
1313,Diesel,13043,1991-11-01
1314,LPG,5301,1991-11-01
1315,Benzine,169078,1991-12-01
1316,Diesel,13061,1991-12-01
1317,LPG,5314,1991-12-01
1318,Benzine,170962,1992-01-01
1319,Diesel,13174,1992-01-01
1320,LPG,5328,1992-01-01
1321,Benzine,171893,1992-02-01
1322,Diesel,13250,1992-02-01
1323,LPG,5336,1992-02-01
1324,Benzine,173042,1992-03-01
1325,Diesel,13393,1992-03-01
1326,Elektriciteit,37,1992-03-01
1327,LPG,5348,1992-03-01
1328,Benzine,174381,1992-04-01
1329,Diesel,13546,1992-04-01
1330,LPG,5361,1992-04-01
1331,Benzine,175646,1992-05-01
1332,Diesel,13672,1992-05-01
1333,LPG,5387,1992-05-01
1334,Benzine,176961,1992-06-01
1335,Diesel,13770,1992-06-01
1336,LPG,5410,1992-06-01
1337,Benzine,178213,1992-07-01
1338,Diesel,13862,1992-07-01
1339,LPG,5430,1992-07-01
1340,Benzine,179176,1992-08-01
1341,Diesel,13923,1992-08-01
1342,Elektriciteit,38,1992-08-01
1343,LPG,5454,1992-08-01
1344,Benzine,180123,1992-09-01
1345,Diesel,13982,1992-09-01
1346,Elektriciteit,39,1992-09-01
1347,LPG,5471,1992-09-01
1348,Benzine,181149,1992-10-01
1349,Diesel,14029,1992-10-01
1350,LPG,5492,1992-10-01
1351,Benzine,182108,1992-11-01
1352,Diesel,14088,1992-11-01
1353,LPG,5513,1992-11-01
1354,Benzine,183239,1992-12-01
1355,Diesel,14191,1992-12-01
1356,LPG,5534,1992-12-01
1357,Benzine,184321,1993-01-01
1358,Diesel,14262,1993-01-01
1359,LPG,5553,1993-01-01
1360,Benzine,185221,1993-02-01
1361,Diesel,14321,1993-02-01
1362,Elektriciteit,40,1993-02-01
1363,LPG,5568,1993-02-01
1364,Benzine,186656,1993-03-01
1365,Diesel,14395,1993-03-01
1366,LPG,5600,1993-03-01
1367,Benzine,188209,1993-04-01
1368,Diesel,14522,1993-04-01
1369,LPG,5629,1993-04-01
1370,Benzine,189719,1993-05-01
1371,Diesel,14642,1993-05-01
1372,Elektriciteit,41,1993-05-01
1373,LPG,5647,1993-05-01
1374,Benzine,191513,1993-06-01
1375,Diesel,14725,1993-06-01
1376,LPG,5672,1993-06-01
1377,Benzine,193055,1993-07-01
1378,Diesel,14794,1993-07-01
1379,Elektriciteit,42,1993-07-01
1380,LPG,5703,1993-07-01
1381,Benzine,194332,1993-08-01
1382,Diesel,14848,1993-08-01
1383,Elektriciteit,43,1993-08-01
1384,LPG,5714,1993-08-01
1385,Benzine,195634,1993-09-01
1386,Diesel,14899,1993-09-01
1387,LPG,5738,1993-09-01
1388,Benzine,196988,1993-10-01
1389,Diesel,14964,1993-10-01
1390,LPG,5764,1993-10-01
1391,Benzine,198170,1993-11-01
1392,Diesel,15011,1993-11-01
1393,Elektriciteit,44,1993-11-01
1394,LPG,5789,1993-11-01
1395,Benzine,198944,1993-12-01
1396,Diesel,15044,1993-12-01
1397,LPG,5803,1993-12-01
1398,Benzine,200815,1994-01-01
1399,Diesel,15161,1994-01-01
1400,LPG,5824,1994-01-01
1401,Benzine,202055,1994-02-01
1402,Diesel,15232,1994-02-01
1403,LPG,5847,1994-02-01
1404,Benzine,203808,1994-03-01
1405,Diesel,15342,1994-03-01
1406,LPG,5869,1994-03-01
1407,Benzine,205369,1994-04-01
1408,Diesel,15473,1994-04-01
1409,LPG,5886,1994-04-01
1410,Benzine,207058,1994-05-01
1411,Diesel,15590,1994-05-01
1412,LPG,5906,1994-05-01
1413,Benzine,209007,1994-06-01
1414,Diesel,15719,1994-06-01
1415,Elektriciteit,45,1994-06-01
1416,LPG,5927,1994-06-01
1417,Benzine,210746,1994-07-01
1418,Diesel,15814,1994-07-01
1419,LPG,5957,1994-07-01
1420,Benzine,212097,1994-08-01
1421,Diesel,15876,1994-08-01
1422,LPG,5985,1994-08-01
1423,Benzine,213622,1994-09-01
1424,Diesel,15948,1994-09-01
1425,LPG,6019,1994-09-01
1426,Benzine,215106,1994-10-01
1427,Diesel,16007,1994-10-01
1428,LPG,6045,1994-10-01
1429,Benzine,216404,1994-11-01
1430,Diesel,16077,1994-11-01
1431,Elektriciteit,47,1994-11-01
1432,LPG,6083,1994-11-01
1433,Benzine,217246,1994-12-01
1434,Diesel,16123,1994-12-01
1435,Elektriciteit,48,1994-12-01
1436,LPG,6124,1994-12-01
1437,Benzine,219668,1995-01-01
1438,Diesel,16235,1995-01-01
1439,LPG,6161,1995-01-01
1440,Benzine,221121,1995-02-01
1441,Diesel,16318,1995-02-01
1442,LPG,6193,1995-02-01
1443,Benzine,223130,1995-03-01
1444,Diesel,16372,1995-03-01
1445,LPG,6234,1995-03-01
1446,Benzine,224910,1995-04-01
1447,Diesel,16438,1995-04-01
1448,LPG,6275,1995-04-01
1449,Benzine,227042,1995-05-01
1450,Diesel,16536,1995-05-01
1451,LPG,6327,1995-05-01
1452,Benzine,229399,1995-06-01
1453,Diesel,16625,1995-06-01
1454,LPG,6384,1995-06-01
1455,Benzine,231639,1995-07-01
1456,Diesel,16698,1995-07-01
1457,LPG,6471,1995-07-01
1458,Benzine,233488,1995-08-01
1459,Diesel,16757,1995-08-01
1460,LPG,6544,1995-08-01
1461,Benzine,235034,1995-09-01
1462,Diesel,16828,1995-09-01
1463,LPG,6592,1995-09-01
1464,Benzine,236969,1995-10-01
1465,Diesel,16904,1995-10-01
1466,LPG,6677,1995-10-01
1467,Benzine,238619,1995-11-01
1468,Diesel,16955,1995-11-01
1469,LPG,6757,1995-11-01
1470,Benzine,239492,1995-12-01
1471,Diesel,16990,1995-12-01
1472,LPG,6827,1995-12-01
1473,Benzine,242443,1996-01-01
1474,Diesel,17118,1996-01-01
1475,Elektriciteit,50,1996-01-01
1476,LPG,6916,1996-01-01
1477,Benzine,244416,1996-02-01
1478,Diesel,17214,1996-02-01
1479,LPG,6990,1996-02-01
1480,Benzine,246986,1996-03-01
1481,Diesel,17319,1996-03-01
1482,LPG,7064,1996-03-01
1483,Benzine,249686,1996-04-01
1484,Diesel,17424,1996-04-01
1485,LPG,7132,1996-04-01
1486,Benzine,252811,1996-05-01
1487,Diesel,17550,1996-05-01
1488,LPG,7202,1996-05-01
1489,Benzine,256144,1996-06-01
1490,Diesel,17652,1996-06-01
1491,Elektriciteit,51,1996-06-01
1492,LPG,7289,1996-06-01
1493,Benzine,259020,1996-07-01
1494,Diesel,17768,1996-07-01
1495,Elektriciteit,53,1996-07-01
1496,LPG,7387,1996-07-01
1497,Benzine,261472,1996-08-01
1498,Diesel,17874,1996-08-01
1499,Elektriciteit,54,1996-08-01
1500,LPG,7495,1996-08-01
1501,Benzine,263858,1996-09-01
1502,Diesel,17989,1996-09-01
1503,LPG,7587,1996-09-01
1504,Benzine,266352,1996-10-01
1505,Diesel,18084,1996-10-01
1506,Elektriciteit,55,1996-10-01
1507,LPG,7682,1996-10-01
1508,Benzine,268301,1996-11-01
1509,Diesel,18151,1996-11-01
1510,LPG,7765,1996-11-01
1511,Benzine,269329,1996-12-01
1512,Diesel,18188,1996-12-01
1513,LPG,7835,1996-12-01
1514,Benzine,273542,1997-01-01
1515,Diesel,18356,1997-01-01
1516,LPG,7906,1997-01-01
1517,Benzine,276374,1997-02-01
1518,Diesel,18466,1997-02-01
1519,LPG,7968,1997-02-01
1520,Benzine,279681,1997-03-01
1521,Diesel,18604,1997-03-01
1522,LPG,8044,1997-03-01
1523,Benzine,283228,1997-04-01
1524,Diesel,18747,1997-04-01
1525,Elektriciteit,56,1997-04-01
1526,LPG,8114,1997-04-01
1527,Benzine,286716,1997-05-01
1528,Diesel,18898,1997-05-01
1529,LPG,8189,1997-05-01
1530,Benzine,290350,1997-06-01
1531,Diesel,19036,1997-06-01
1532,LPG,8287,1997-06-01
1533,Benzine,293938,1997-07-01
1534,CNG,3,1997-07-01
1535,Diesel,19195,1997-07-01
1536,LPG,8384,1997-07-01
1537,Benzine,296995,1997-08-01
1538,Diesel,19293,1997-08-01
1539,LPG,8476,1997-08-01
1540,Benzine,299910,1997-09-01
1541,Diesel,19426,1997-09-01
1542,LPG,8566,1997-09-01
1543,Benzine,303001,1997-10-01
1544,Diesel,19544,1997-10-01
1545,LPG,8631,1997-10-01
1546,Benzine,305356,1997-11-01
1547,Diesel,19637,1997-11-01
1548,LPG,8707,1997-11-01
1549,Benzine,306614,1997-12-01
1550,Diesel,19701,1997-12-01
1551,LPG,8765,1997-12-01
1552,Benzine,312515,1998-01-01
1553,Diesel,19937,1998-01-01
1554,LPG,8827,1998-01-01
1555,Benzine,316159,1998-02-01
1556,Diesel,20100,1998-02-01
1557,LPG,8882,1998-02-01
1558,Benzine,320708,1998-03-01
1559,Diesel,20293,1998-03-01
1560,LPG,8977,1998-03-01
1561,Benzine,325431,1998-04-01
1562,Diesel,20492,1998-04-01
1563,LPG,9034,1998-04-01
1564,Benzine,330361,1998-05-01
1565,Diesel,20685,1998-05-01
1566,LPG,9098,1998-05-01
1567,Benzine,335185,1998-06-01
1568,Diesel,20894,1998-06-01
1569,LPG,9163,1998-06-01
1570,Benzine,339946,1998-07-01
1571,Diesel,21108,1998-07-01
1572,Elektriciteit,57,1998-07-01
1573,LPG,9243,1998-07-01
1574,Benzine,343323,1998-08-01
1575,Diesel,21268,1998-08-01
1576,Elektriciteit,58,1998-08-01
1577,LPG,9324,1998-08-01
1578,Benzine,347490,1998-09-01
1579,Diesel,21447,1998-09-01
1580,LPG,9386,1998-09-01
1581,Benzine,352049,1998-10-01
1582,Diesel,21662,1998-10-01
1583,LPG,9463,1998-10-01
1584,Benzine,355584,1998-11-01
1585,Diesel,21843,1998-11-01
1586,LPG,9518,1998-11-01
1587,Benzine,357437,1998-12-01
1588,Diesel,21904,1998-12-01
1589,LPG,9587,1998-12-01
1590,Benzine,366465,1999-01-01
1591,CNG,4,1999-01-01
1592,Diesel,22256,1999-01-01
1593,LPG,9630,1999-01-01
1594,Benzine,371970,1999-02-01
1595,Diesel,22495,1999-02-01
1596,LPG,9683,1999-02-01
1597,Benzine,378926,1999-03-01
1598,Diesel,22797,1999-03-01
1599,LPG,9759,1999-03-01
1600,Benzine,386165,1999-04-01
1601,Diesel,23054,1999-04-01
1602,LPG,9839,1999-04-01
1603,Benzine,393294,1999-05-01
1604,Diesel,23318,1999-05-01
1605,LPG,9895,1999-05-01
1606,Benzine,400961,1999-06-01
1607,Diesel,23598,1999-06-01
1608,LPG,10019,1999-06-01
1609,Benzine,408038,1999-07-01
1610,Diesel,23878,1999-07-01
1611,LPG,10170,1999-07-01
1612,Benzine,413561,1999-08-01
1613,Diesel,24098,1999-08-01
1614,Elektriciteit,60,1999-08-01
1615,LPG,10280,1999-08-01
1616,Benzine,420021,1999-09-01
1617,Diesel,24361,1999-09-01
1618,LPG,10390,1999-09-01
1619,Benzine,426023,1999-10-01
1620,Diesel,24629,1999-10-01
1621,Elektriciteit,61,1999-10-01
1622,LPG,10526,1999-10-01
1623,Benzine,431149,1999-11-01
1624,Diesel,24859,1999-11-01
1625,LPG,10644,1999-11-01
1626,Benzine,433116,1999-12-01
1627,Diesel,24958,1999-12-01
1628,LPG,10769,1999-12-01
1629,Benzine,445618,2000-01-01
1630,Diesel,25461,2000-01-01
1631,Elektriciteit,62,2000-01-01
1632,LPG,10878,2000-01-01
1633,Benzine,454047,2000-02-01
1634,CNG,5,2000-02-01
1635,Diesel,25822,2000-02-01
1636,Elektriciteit,63,2000-02-01
1637,LPG,10970,2000-02-01
1638,Benzine,464601,2000-03-01
1639,Diesel,26256,2000-03-01
1640,Elektriciteit,64,2000-03-01
1641,LPG,11086,2000-03-01
1642,Benzine,473040,2000-04-01
1643,Diesel,26764,2000-04-01
1644,LPG,11171,2000-04-01
1645,Benzine,482879,2000-05-01
1646,Diesel,27221,2000-05-01
1647,Elektriciteit,65,2000-05-01
1648,LPG,11272,2000-05-01
1649,Benzine,491660,2000-06-01
1650,Diesel,27564,2000-06-01
1651,Elektriciteit,66,2000-06-01
1652,LPG,11345,2000-06-01
1653,Benzine,499817,2000-07-01
1654,Diesel,27838,2000-07-01
1655,Elektriciteit,67,2000-07-01
1656,LPG,11456,2000-07-01
1657,Benzine,508430,2000-08-01
1658,Diesel,28110,2000-08-01
1659,Elektriciteit,68,2000-08-01
1660,LPG,11539,2000-08-01
1661,Benzine,516930,2000-09-01
1662,Diesel,28385,2000-09-01
1663,LPG,11607,2000-09-01
1664,Benzine,525449,2000-10-01
1665,CNG,6,2000-10-01
1666,Diesel,28647,2000-10-01
1667,LPG,11684,2000-10-01
1668,Benzine,533377,2000-11-01
1669,Diesel,28889,2000-11-01
1670,LPG,11769,2000-11-01
1671,Benzine,537422,2000-12-01
1672,Diesel,29033,2000-12-01
1673,LPG,11828,2000-12-01
1674,Benzine,552041,2001-01-01
1675,Diesel,29553,2001-01-01
1676,LPG,11883,2001-01-01
1677,Benzine,561025,2001-02-01
1678,Diesel,29868,2001-02-01
1679,LPG,11934,2001-02-01
1680,Benzine,573791,2001-03-01
1681,Diesel,30276,2001-03-01
1682,Elektriciteit,69,2001-03-01
1683,LPG,11986,2001-03-01
1684,Benzine,583652,2001-04-01
1685,Diesel,30672,2001-04-01
1686,LPG,12042,2001-04-01
1687,Benzine,594985,2001-05-01
1688,Diesel,31120,2001-05-01
1689,Elektriciteit,70,2001-05-01
1690,LPG,12110,2001-05-01
1691,Benzine,606015,2001-06-01
1692,Diesel,31592,2001-06-01
1693,LPG,12171,2001-06-01
1694,Benzine,616584,2001-07-01
1695,Diesel,31993,2001-07-01
1696,LPG,12224,2001-07-01
1697,Benzine,626459,2001-08-01
1698,Diesel,32365,2001-08-01
1699,Elektriciteit,71,2001-08-01
1700,LPG,12274,2001-08-01
1701,Benzine,636072,2001-09-01
1702,Diesel,32721,2001-09-01
1703,Elektriciteit,72,2001-09-01
1704,LPG,12328,2001-09-01
1705,Benzine,646577,2001-10-01
1706,Diesel,33079,2001-10-01
1707,LPG,12394,2001-10-01
1708,Benzine,655939,2001-11-01
1709,Diesel,33419,2001-11-01
1710,LPG,12443,2001-11-01
1711,Benzine,658755,2001-12-01
1712,Diesel,33549,2001-12-01
1713,Elektriciteit,73,2001-12-01
1714,LPG,12504,2001-12-01
1715,Benzine,677033,2002-01-01
1716,Diesel,34300,2002-01-01
1717,Elektriciteit,74,2002-01-01
1718,LPG,12566,2002-01-01
1719,Benzine,688498,2002-02-01
1720,Diesel,34746,2002-02-01
1721,LPG,12648,2002-02-01
1722,Benzine,701889,2002-03-01
1723,CNG,7,2002-03-01
1724,Diesel,35308,2002-03-01
1725,LPG,12716,2002-03-01
1726,Benzine,714205,2002-04-01
1727,Diesel,35831,2002-04-01
1728,Elektriciteit,76,2002-04-01
1729,LPG,12769,2002-04-01
1730,Benzine,727930,2002-05-01
1731,Diesel,36362,2002-05-01
1732,LPG,12827,2002-05-01
1733,Benzine,742009,2002-06-01
1734,Diesel,36853,2002-06-01
1735,Elektriciteit,77,2002-06-01
1736,LPG,12881,2002-06-01
1737,Benzine,754780,2002-07-01
1738,Diesel,37358,2002-07-01
1739,LPG,12953,2002-07-01
1740,Benzine,766736,2002-08-01
1741,Diesel,37821,2002-08-01
1742,Elektriciteit,78,2002-08-01
1743,LPG,13016,2002-08-01
1744,Benzine,779814,2002-09-01
1745,Diesel,38271,2002-09-01
1746,LPG,13076,2002-09-01
1747,Benzine,794056,2002-10-01
1748,Diesel,38809,2002-10-01
1749,Elektriciteit,79,2002-10-01
1750,LPG,13153,2002-10-01
1751,Benzine,806916,2002-11-01
1752,CNG,8,2002-11-01
1753,Diesel,39269,2002-11-01
1754,Elektriciteit,80,2002-11-01
1755,LPG,13218,2002-11-01
1756,Benzine,815968,2002-12-01
1757,Diesel,39421,2002-12-01
1758,LPG,13268,2002-12-01
1759,Benzine,838674,2003-01-01
1760,Diesel,40562,2003-01-01
1761,LPG,13329,2003-01-01
1762,Benzine,851837,2003-02-01
1763,Diesel,41203,2003-02-01
1764,LPG,13378,2003-02-01
1765,Benzine,868322,2003-03-01
1766,Diesel,41927,2003-03-01
1767,LPG,13441,2003-03-01
1768,Benzine,883592,2003-04-01
1769,Diesel,42700,2003-04-01
1770,LPG,13511,2003-04-01
1771,Benzine,901187,2003-05-01
1772,Diesel,43539,2003-05-01
1773,LPG,13563,2003-05-01
1774,Benzine,921047,2003-06-01
1775,Diesel,44284,2003-06-01
1776,LPG,13618,2003-06-01
1777,Benzine,938002,2003-07-01
1778,Diesel,45001,2003-07-01
1779,LPG,13676,2003-07-01
1780,Benzine,953244,2003-08-01
1781,Diesel,45609,2003-08-01
1782,LPG,13726,2003-08-01
1783,Benzine,970386,2003-09-01
1784,Diesel,46284,2003-09-01
1785,Elektriciteit,81,2003-09-01
1786,LPG,13779,2003-09-01
1787,Benzine,985648,2003-10-01
1788,CNG,9,2003-10-01
1789,Diesel,47019,2003-10-01
1790,LPG,13841,2003-10-01
1791,Benzine,998483,2003-11-01
1792,Diesel,47520,2003-11-01
1793,LPG,13888,2003-11-01
1794,Benzine,1004115,2003-12-01
1795,Diesel,47688,2003-12-01
1796,LPG,13938,2003-12-01
1797,Benzine,1034132,2004-01-01
1798,Diesel,49192,2004-01-01
1799,Elektriciteit,82,2004-01-01
1800,LPG,13990,2004-01-01
1801,Benzine,1051206,2004-02-01
1802,Diesel,50019,2004-02-01
1803,LPG,14035,2004-02-01
1804,Benzine,1072942,2004-03-01
1805,Diesel,50997,2004-03-01
1806,Elektriciteit,84,2004-03-01
1807,LPG,14079,2004-03-01
1808,Alcohol,1,2004-04-01
1809,Benzine,1092304,2004-04-01
1810,Diesel,51994,2004-04-01
1811,LPG,14125,2004-04-01
1812,Benzine,1110119,2004-05-01
1813,CNG,11,2004-05-01
1814,Diesel,52891,2004-05-01
1815,LPG,14175,2004-05-01
1816,Benzine,1133193,2004-06-01
1817,Diesel,54028,2004-06-01
1818,LPG,14230,2004-06-01
1819,Benzine,1151644,2004-07-01
1820,Diesel,55055,2004-07-01
1821,LPG,14302,2004-07-01
1822,Benzine,1166971,2004-08-01
1823,CNG,12,2004-08-01
1824,Diesel,55729,2004-08-01
1825,Elektriciteit,85,2004-08-01
1826,LPG,14354,2004-08-01
1827,Benzine,1185855,2004-09-01
1828,Diesel,56649,2004-09-01
1829,Elektriciteit,86,2004-09-01
1830,LPG,14416,2004-09-01
1831,Benzine,1203313,2004-10-01
1832,Diesel,57676,2004-10-01
1833,LPG,14472,2004-10-01
1834,Benzine,1218956,2004-11-01
1835,Diesel,58542,2004-11-01
1836,LPG,14538,2004-11-01
1837,Benzine,1226994,2004-12-01
1838,Diesel,58829,2004-12-01
1839,Elektriciteit,87,2004-12-01
1840,LPG,14614,2004-12-01
1841,Benzine,1260021,2005-01-01
1842,CNG,13,2005-01-01
1843,Diesel,60847,2005-01-01
1844,Elektriciteit,88,2005-01-01
1845,LPG,14682,2005-01-01
1846,Benzine,1276585,2005-02-01
1847,Diesel,61884,2005-02-01
1848,LPG,14739,2005-02-01
1849,Benzine,1299596,2005-03-01
1850,CNG,14,2005-03-01
1851,Diesel,63216,2005-03-01
1852,Elektriciteit,89,2005-03-01
1853,LPG,14796,2005-03-01
1854,Benzine,1320380,2005-04-01
1855,Diesel,64595,2005-04-01
1856,LPG,14883,2005-04-01
1857,Benzine,1339188,2005-05-01
1858,Diesel,65754,2005-05-01
1859,Elektriciteit,90,2005-05-01
1860,LPG,14942,2005-05-01
1861,Benzine,1362450,2005-06-01
1862,Diesel,67197,2005-06-01
1863,LPG,15031,2005-06-01
1864,Benzine,1382135,2005-07-01
1865,Diesel,68308,2005-07-01
1866,LPG,15108,2005-07-01
1867,Benzine,1399970,2005-08-01
1868,Diesel,69218,2005-08-01
1869,LPG,15168,2005-08-01
1870,Benzine,1423013,2005-09-01
1871,Diesel,70379,2005-09-01
1872,LPG,15237,2005-09-01
1873,Benzine,1440557,2005-10-01
1874,Diesel,71507,2005-10-01
1875,LPG,15309,2005-10-01
1876,Benzine,1457946,2005-11-01
1877,Diesel,72540,2005-11-01
1878,LPG,15381,2005-11-01
1879,Benzine,1464005,2005-12-01
1880,CNG,15,2005-12-01
1881,Diesel,72894,2005-12-01
1882,LPG,15445,2005-12-01
1883,Benzine,1500818,2006-01-01
1884,CNG,16,2006-01-01
1885,Diesel,75685,2006-01-01
1886,LPG,15510,2006-01-01
1887,Benzine,1522793,2006-02-01
1888,Diesel,77302,2006-02-01
1889,LPG,15579,2006-02-01
1890,Benzine,1552378,2006-03-01
1891,CNG,17,2006-03-01
1892,Diesel,79240,2006-03-01
1893,LPG,15649,2006-03-01
1894,Benzine,1573418,2006-04-01
1895,Diesel,80932,2006-04-01
1896,LPG,15721,2006-04-01
1897,Benzine,1597409,2006-05-01
1898,Diesel,82711,2006-05-01
1899,Elektriciteit,92,2006-05-01
1900,LPG,15826,2006-05-01
1901,Waterstof,2,2006-05-01
1902,Benzine,1626531,2006-06-01
1903,CNG,18,2006-06-01
1904,Diesel,84761,2006-06-01
1905,LPG,15918,2006-06-01
1906,Benzine,1648094,2006-07-01
1907,Diesel,86481,2006-07-01
1908,LPG,15988,2006-07-01
1909,Benzine,1668325,2006-08-01
1910,CNG,19,2006-08-01
1911,Diesel,88097,2006-08-01
1912,LPG,16076,2006-08-01
1913,Benzine,1691945,2006-09-01
1914,Diesel,89893,2006-09-01
1915,Elektriciteit,93,2006-09-01
1916,LPG,16166,2006-09-01
1917,Benzine,1713369,2006-10-01
1918,Diesel,91479,2006-10-01
1919,LPG,16237,2006-10-01
1920,Benzine,1733635,2006-11-01
1921,Diesel,92597,2006-11-01
1922,Elektriciteit,94,2006-11-01
1923,LPG,16305,2006-11-01
1924,Benzine,1743648,2006-12-01
1925,Diesel,93029,2006-12-01
1926,LPG,16361,2006-12-01
1927,Benzine,1783102,2007-01-01
1928,CNG,21,2007-01-01
1929,Diesel,95722,2007-01-01
1930,Elektriciteit,95,2007-01-01
1931,LPG,16426,2007-01-01
1932,Benzine,1807113,2007-02-01
1933,Diesel,97408,2007-02-01
1934,LPG,16505,2007-02-01
1935,Benzine,1838376,2007-03-01
1936,CNG,23,2007-03-01
1937,Diesel,99459,2007-03-01
1938,LPG,16592,2007-03-01
1939,Alcohol,4,2007-04-01
1940,Benzine,1861813,2007-04-01
1941,CNG,24,2007-04-01
1942,Diesel,101289,2007-04-01
1943,LPG,16663,2007-04-01
1944,Alcohol,9,2007-05-01
1945,Benzine,1886861,2007-05-01
1946,Diesel,103280,2007-05-01
1947,LPG,16757,2007-05-01
1948,Alcohol,20,2007-06-01
1949,Benzine,1919301,2007-06-01
1950,CNG,25,2007-06-01
1951,Diesel,105477,2007-06-01
1952,LPG,16832,2007-06-01
1953,Alcohol,23,2007-07-01
1954,Benzine,1942578,2007-07-01
1955,CNG,28,2007-07-01
1956,Diesel,107481,2007-07-01
1957,Elektriciteit,96,2007-07-01
1958,LPG,16918,2007-07-01
1959,Alcohol,25,2007-08-01
1960,Benzine,1968097,2007-08-01
1961,CNG,30,2007-08-01
1962,Diesel,109335,2007-08-01
1963,Elektriciteit,97,2007-08-01
1964,LPG,17000,2007-08-01
1965,Alcohol,30,2007-09-01
1966,Benzine,1993351,2007-09-01
1967,CNG,38,2007-09-01
1968,Diesel,111098,2007-09-01
1969,Elektriciteit,98,2007-09-01
1970,LPG,17082,2007-09-01
1971,Alcohol,35,2007-10-01
1972,Benzine,2017545,2007-10-01
1973,CNG,41,2007-10-01
1974,Diesel,113108,2007-10-01
1975,LPG,17153,2007-10-01
1976,Benzine,2039524,2007-11-01
1977,CNG,48,2007-11-01
1978,Diesel,114794,2007-11-01
1979,LPG,17253,2007-11-01
1980,Alcohol,37,2007-12-01
1981,Benzine,2047202,2007-12-01
1982,CNG,50,2007-12-01
1983,Diesel,115386,2007-12-01
1984,LPG,17308,2007-12-01
1985,Alcohol,64,2008-01-01
1986,Benzine,2086184,2008-01-01
1987,CNG,53,2008-01-01
1988,Diesel,119201,2008-01-01
1989,LPG,17393,2008-01-01
1990,Alcohol,92,2008-02-01
1991,Benzine,2118246,2008-02-01
1992,CNG,63,2008-02-01
1993,Diesel,121931,2008-02-01
1994,LPG,17463,2008-02-01
1995,Alcohol,124,2008-03-01
1996,Benzine,2148972,2008-03-01
1997,CNG,75,2008-03-01
1998,Diesel,124440,2008-03-01
1999,Elektriciteit,99,2008-03-01
2000,LPG,17559,2008-03-01
2001,Alcohol,135,2008-04-01
2002,Benzine,2176522,2008-04-01
2003,CNG,82,2008-04-01
2004,Diesel,126833,2008-04-01
2005,Elektriciteit,100,2008-04-01
2006,LPG,17653,2008-04-01
2007,Alcohol,151,2008-05-01
2008,Benzine,2207290,2008-05-01
2009,CNG,88,2008-05-01
2010,Diesel,129025,2008-05-01
2011,Elektriciteit,103,2008-05-01
2012,LPG,17743,2008-05-01
2013,Alcohol,159,2008-06-01
2014,Benzine,2239621,2008-06-01
2015,CNG,93,2008-06-01
2016,Diesel,131282,2008-06-01
2017,LPG,17826,2008-06-01
2018,Alcohol,175,2008-07-01
2019,Benzine,2265660,2008-07-01
2020,CNG,100,2008-07-01
2021,Diesel,133432,2008-07-01
2022,Elektriciteit,104,2008-07-01
2023,LPG,17921,2008-07-01
2024,Alcohol,184,2008-08-01
2025,Benzine,2292338,2008-08-01
2026,CNG,101,2008-08-01
2027,Diesel,135259,2008-08-01
2028,LPG,18009,2008-08-01
2029,Alcohol,210,2008-09-01
2030,Benzine,2319240,2008-09-01
2031,CNG,106,2008-09-01
2032,Diesel,137252,2008-09-01
2033,LPG,18094,2008-09-01
2034,Alcohol,219,2008-10-01
2035,Benzine,2345174,2008-10-01
2036,CNG,110,2008-10-01
2037,Diesel,139320,2008-10-01
2038,Elektriciteit,105,2008-10-01
2039,LPG,18196,2008-10-01
2040,Alcohol,228,2008-11-01
2041,Benzine,2364566,2008-11-01
2042,CNG,112,2008-11-01
2043,Diesel,140833,2008-11-01
2044,LPG,18264,2008-11-01
2045,Alcohol,231,2008-12-01
2046,Benzine,2371599,2008-12-01
2047,CNG,116,2008-12-01
2048,Diesel,141405,2008-12-01
2049,Elektriciteit,106,2008-12-01
2050,LPG,18328,2008-12-01
2051,Alcohol,246,2009-01-01
2052,Benzine,2407677,2009-01-01
2053,CNG,126,2009-01-01
2054,Diesel,144761,2009-01-01
2055,LPG,18397,2009-01-01
2056,Alcohol,260,2009-02-01
2057,Benzine,2430419,2009-02-01
2058,CNG,134,2009-02-01
2059,Diesel,146797,2009-02-01
2060,LPG,18448,2009-02-01
2061,Alcohol,267,2009-03-01
2062,Benzine,2454754,2009-03-01
2063,CNG,154,2009-03-01
2064,Diesel,148691,2009-03-01
2065,Elektriciteit,109,2009-03-01
2066,LPG,18523,2009-03-01
2067,Alcohol,346,2009-04-01
2068,Benzine,2475871,2009-04-01
2069,CNG,163,2009-04-01
2070,Diesel,150664,2009-04-01
2071,Elektriciteit,114,2009-04-01
2072,LPG,18587,2009-04-01
2073,Alcohol,436,2009-05-01
2074,Benzine,2497739,2009-05-01
2075,CNG,170,2009-05-01
2076,Diesel,152742,2009-05-01
2077,Elektriciteit,119,2009-05-01
2078,LPG,18652,2009-05-01
2079,Alcohol,537,2009-06-01
2080,Benzine,2523839,2009-06-01
2081,CNG,177,2009-06-01
2082,Diesel,154990,2009-06-01
2083,Elektriciteit,120,2009-06-01
2084,LPG,18734,2009-06-01
2085,Alcohol,994,2009-07-01
2086,Benzine,2548373,2009-07-01
2087,CNG,191,2009-07-01
2088,Diesel,157197,2009-07-01
2089,Elektriciteit,121,2009-07-01
2090,LPG,18825,2009-07-01
2091,Alcohol,1084,2009-08-01
2092,Benzine,2569797,2009-08-01
2093,CNG,195,2009-08-01
2094,Diesel,158776,2009-08-01
2095,Elektriciteit,122,2009-08-01
2096,LPG,18882,2009-08-01
2097,Alcohol,1152,2009-09-01
2098,Benzine,2596205,2009-09-01
2099,CNG,202,2009-09-01
2100,Diesel,160691,2009-09-01
2101,Elektriciteit,124,2009-09-01
2102,LPG,18958,2009-09-01
2103,Alcohol,1173,2009-10-01
2104,Benzine,2623674,2009-10-01
2105,CNG,208,2009-10-01
2106,Diesel,162872,2009-10-01
2107,Elektriciteit,127,2009-10-01
2108,LPG,19038,2009-10-01
2109,Alcohol,1181,2009-11-01
2110,Benzine,2646573,2009-11-01
2111,CNG,215,2009-11-01
2112,Diesel,164521,2009-11-01
2113,Elektriciteit,136,2009-11-01
2114,LPG,19103,2009-11-01
2115,Alcohol,1182,2009-12-01
2116,Benzine,2655757,2009-12-01
2117,CNG,218,2009-12-01
2118,Diesel,165347,2009-12-01
2119,Elektriciteit,150,2009-12-01
2120,LNG,1,2009-12-01
2121,LPG,19179,2009-12-01
2122,Alcohol,1202,2010-01-01
2123,Benzine,2703247,2010-01-01
2124,CNG,240,2010-01-01
2125,Diesel,168821,2010-01-01
2126,Elektriciteit,154,2010-01-01
2127,LPG,19246,2010-01-01
2128,Alcohol,1217,2010-02-01
2129,Benzine,2733644,2010-02-01
2130,CNG,250,2010-02-01
2131,Diesel,171031,2010-02-01
2132,Elektriciteit,162,2010-02-01
2133,LPG,19331,2010-02-01
2134,Alcohol,1230,2010-03-01
2135,Benzine,2771568,2010-03-01
2136,CNG,267,2010-03-01
2137,Diesel,173520,2010-03-01
2138,Elektriciteit,176,2010-03-01
2139,LPG,19454,2010-03-01
2140,Alcohol,1236,2010-04-01
2141,Benzine,2802854,2010-04-01
2142,CNG,279,2010-04-01
2143,Diesel,176194,2010-04-01
2144,Elektriciteit,184,2010-04-01
2145,LPG,19561,2010-04-01
2146,Alcohol,1243,2010-05-01
2147,Benzine,2833023,2010-05-01
2148,CNG,289,2010-05-01
2149,Diesel,178863,2010-05-01
2150,Elektriciteit,188,2010-05-01
2151,LPG,19641,2010-05-01
2152,Alcohol,1253,2010-06-01
2153,Benzine,2874795,2010-06-01
2154,CNG,306,2010-06-01
2155,Diesel,182415,2010-06-01
2156,Elektriciteit,191,2010-06-01
2157,LPG,19764,2010-06-01
2158,Alcohol,1257,2010-07-01
2159,Benzine,2904813,2010-07-01
2160,CNG,321,2010-07-01
2161,Diesel,186117,2010-07-01
2162,Elektriciteit,195,2010-07-01
2163,LPG,19856,2010-07-01
2164,Alcohol,1260,2010-08-01
2165,Benzine,2933000,2010-08-01
2166,CNG,333,2010-08-01
2167,Diesel,189942,2010-08-01
2168,Elektriciteit,197,2010-08-01
2169,LPG,20114,2010-08-01
2170,Alcohol,1275,2010-09-01
2171,Benzine,2967144,2010-09-01
2172,CNG,343,2010-09-01
2173,Diesel,194628,2010-09-01
2174,Elektriciteit,199,2010-09-01
2175,LPG,20672,2010-09-01
2176,Alcohol,1302,2010-10-01
2177,Benzine,2997066,2010-10-01
2178,CNG,352,2010-10-01
2179,Diesel,200486,2010-10-01
2180,Elektriciteit,203,2010-10-01
2181,LPG,21232,2010-10-01
2182,Alcohol,1310,2010-11-01
2183,Benzine,3022852,2010-11-01
2184,CNG,387,2010-11-01
2185,Diesel,205729,2010-11-01
2186,Elektriciteit,213,2010-11-01
2187,LPG,21579,2010-11-01
2188,Alcohol,1311,2010-12-01
2189,Benzine,3032873,2010-12-01
2190,CNG,393,2010-12-01
2191,Diesel,207776,2010-12-01
2192,Elektriciteit,217,2010-12-01
2193,LPG,21710,2010-12-01
2194,Alcohol,1331,2011-01-01
2195,Benzine,3084622,2011-01-01
2196,CNG,422,2011-01-01
2197,Diesel,217106,2011-01-01
2198,Elektriciteit,239,2011-01-01
2199,LPG,22302,2011-01-01
2200,Alcohol,1356,2011-02-01
2201,Benzine,3120552,2011-02-01
2202,CNG,439,2011-02-01
2203,Diesel,223078,2011-02-01
2204,Elektriciteit,249,2011-02-01
2205,LPG,22412,2011-02-01
2206,Alcohol,1395,2011-03-01
2207,Benzine,3160506,2011-03-01
2208,CNG,448,2011-03-01
2209,Diesel,231016,2011-03-01
2210,Elektriciteit,274,2011-03-01
2211,LPG,22687,2011-03-01
2212,Alcohol,1459,2011-04-01
2213,Benzine,3192905,2011-04-01
2214,CNG,458,2011-04-01
2215,Diesel,238059,2011-04-01
2216,Elektriciteit,308,2011-04-01
2217,LPG,23032,2011-04-01
2218,Alcohol,1522,2011-05-01
2219,Benzine,3226850,2011-05-01
2220,CNG,472,2011-05-01
2221,Diesel,245576,2011-05-01
2222,Elektriciteit,336,2011-05-01
2223,LPG,23395,2011-05-01
2224,Alcohol,1602,2011-06-01
2225,Benzine,3262774,2011-06-01
2226,CNG,486,2011-06-01
2227,Diesel,252324,2011-06-01
2228,Elektriciteit,350,2011-06-01
2229,LPG,23771,2011-06-01
2230,Alcohol,1697,2011-07-01
2231,Benzine,3291560,2011-07-01
2232,CNG,543,2011-07-01
2233,Diesel,258596,2011-07-01
2234,Elektriciteit,363,2011-07-01
2235,LPG,24168,2011-07-01
2236,Alcohol,1750,2011-08-01
2237,Benzine,3318817,2011-08-01
2238,CNG,561,2011-08-01
2239,Diesel,263992,2011-08-01
2240,Elektriciteit,391,2011-08-01
2241,LPG,24641,2011-08-01
2242,Alcohol,1827,2011-09-01
2243,Benzine,3350425,2011-09-01
2244,CNG,575,2011-09-01
2245,Diesel,269591,2011-09-01
2246,Elektriciteit,432,2011-09-01
2247,LPG,25394,2011-09-01
2248,Alcohol,1870,2011-10-01
2249,Benzine,3379728,2011-10-01
2250,CNG,592,2011-10-01
2251,Diesel,275712,2011-10-01
2252,Elektriciteit,458,2011-10-01
2253,LPG,26064,2011-10-01
2254,Alcohol,1978,2011-11-01
2255,Benzine,3408032,2011-11-01
2256,CNG,611,2011-11-01
2257,Diesel,281217,2011-11-01
2258,Elektriciteit,487,2011-11-01
2259,LPG,27054,2011-11-01
2260,Alcohol,2001,2011-12-01
2261,Benzine,3422978,2011-12-01
2262,CNG,615,2011-12-01
2263,Diesel,283412,2011-12-01
2264,Elektriciteit,501,2011-12-01
2265,LPG,28050,2011-12-01
2266,Alcohol,2162,2012-01-01
2267,Benzine,3468973,2012-01-01
2268,CNG,663,2012-01-01
2269,Diesel,293031,2012-01-01
2270,Elektriciteit,533,2012-01-01
2271,LPG,28999,2012-01-01
2272,Alcohol,2205,2012-02-01
2273,Benzine,3500441,2012-02-01
2274,CNG,681,2012-02-01
2275,Diesel,298842,2012-02-01
2276,Elektriciteit,550,2012-02-01
2277,LPG,29584,2012-02-01
2278,Alcohol,2234,2012-03-01
2279,Benzine,3538918,2012-03-01
2280,CNG,755,2012-03-01
2281,Diesel,305437,2012-03-01
2282,Elektriciteit,569,2012-03-01
2283,LPG,30430,2012-03-01
2284,Alcohol,2261,2012-04-01
2285,Benzine,3568112,2012-04-01
2286,CNG,779,2012-04-01
2287,Diesel,311173,2012-04-01
2288,Elektriciteit,580,2012-04-01
2289,LPG,30887,2012-04-01
2290,Alcohol,2291,2012-05-01
2291,Benzine,3599977,2012-05-01
2292,CNG,798,2012-05-01
2293,Diesel,318337,2012-05-01
2294,Elektriciteit,598,2012-05-01
2295,LPG,31568,2012-05-01
2296,Alcohol,2308,2012-06-01
2297,Benzine,3648272,2012-06-01
2298,CNG,820,2012-06-01
2299,Diesel,329482,2012-06-01
2300,Elektriciteit,636,2012-06-01
2301,LPG,34345,2012-06-01
2302,Alcohol,2320,2012-07-01
2303,Benzine,3670652,2012-07-01
2304,CNG,837,2012-07-01
2305,Diesel,334422,2012-07-01
2306,Elektriciteit,647,2012-07-01
2307,LPG,34621,2012-07-01
2308,Alcohol,2343,2012-08-01
2309,Benzine,3696855,2012-08-01
2310,CNG,906,2012-08-01
2311,Diesel,338361,2012-08-01
2312,Elektriciteit,665,2012-08-01
2313,LPG,34863,2012-08-01
2314,Alcohol,2348,2012-09-01
2315,Benzine,3720684,2012-09-01
2316,CNG,917,2012-09-01
2317,Diesel,342674,2012-09-01
2318,Elektriciteit,688,2012-09-01
2319,LPG,35046,2012-09-01
2320,Alcohol,2355,2012-10-01
2321,Benzine,3738691,2012-10-01
2322,CNG,927,2012-10-01
2323,Diesel,347225,2012-10-01
2324,Elektriciteit,712,2012-10-01
2325,LPG,35276,2012-10-01
2326,Alcohol,2360,2012-11-01
2327,Benzine,3759104,2012-11-01
2328,CNG,957,2012-11-01
2329,Diesel,352280,2012-11-01
2330,Elektriciteit,733,2012-11-01
2331,LPG,35510,2012-11-01
2332,Alcohol,2365,2012-12-01
2333,Benzine,3771855,2012-12-01
2334,CNG,1047,2012-12-01
2335,Diesel,355895,2012-12-01
2336,Elektriciteit,746,2012-12-01
2337,LPG,35764,2012-12-01
2338,Alcohol,2373,2013-01-01
2339,Benzine,3810276,2013-01-01
2340,CNG,1093,2013-01-01
2341,Diesel,361420,2013-01-01
2342,Elektriciteit,768,2013-01-01
2343,LPG,36158,2013-01-01
2344,Alcohol,2379,2013-02-01
2345,Benzine,3836916,2013-02-01
2346,CNG,1129,2013-02-01
2347,Diesel,365288,2013-02-01
2348,Elektriciteit,784,2013-02-01
2349,LPG,36614,2013-02-01
2350,Alcohol,2382,2013-03-01
2351,Benzine,3864927,2013-03-01
2352,CNG,1162,2013-03-01
2353,Diesel,370751,2013-03-01
2354,Elektriciteit,823,2013-03-01
2355,LPG,36772,2013-03-01
2356,Alcohol,2385,2013-04-01
2357,Benzine,3889018,2013-04-01
2358,CNG,1183,2013-04-01
2359,Diesel,375971,2013-04-01
2360,Elektriciteit,839,2013-04-01
2361,LPG,36815,2013-04-01
2362,Alcohol,2387,2013-05-01
2363,Benzine,3913845,2013-05-01
2364,CNG,1214,2013-05-01
2365,Diesel,380878,2013-05-01
2366,Elektriciteit,895,2013-05-01
2367,LPG,36862,2013-05-01
2368,Alcohol,2388,2013-06-01
2369,Benzine,3942503,2013-06-01
2370,CNG,1244,2013-06-01
2371,Diesel,386404,2013-06-01
2372,Elektriciteit,967,2013-06-01
2373,LPG,36926,2013-06-01
2374,Benzine,3966608,2013-07-01
2375,CNG,1261,2013-07-01
2376,Diesel,392442,2013-07-01
2377,Elektriciteit,1012,2013-07-01
2378,LPG,36960,2013-07-01
2379,Alcohol,2392,2013-08-01
2380,Benzine,3989844,2013-08-01
2381,CNG,1277,2013-08-01
2382,Diesel,397326,2013-08-01
2383,Elektriciteit,1080,2013-08-01
2384,LPG,36992,2013-08-01
2385,Alcohol,2395,2013-09-01
2386,Benzine,4015036,2013-09-01
2387,CNG,1313,2013-09-01
2388,Diesel,402645,2013-09-01
2389,Elektriciteit,1228,2013-09-01
2390,LPG,37081,2013-09-01
2391,Alcohol,2400,2013-10-01
2392,Benzine,4042343,2013-10-01
2393,CNG,1340,2013-10-01
2394,Diesel,409378,2013-10-01
2395,Elektriciteit,1342,2013-10-01
2396,LPG,37171,2013-10-01
2397,Alcohol,2403,2013-11-01
2398,Benzine,4072738,2013-11-01
2399,CNG,1372,2013-11-01
2400,Diesel,416220,2013-11-01
2401,Elektriciteit,1678,2013-11-01
2402,LPG,37364,2013-11-01
2403,Benzine,4097339,2013-12-01
2404,CNG,1394,2013-12-01
2405,Diesel,424147,2013-12-01
2406,Elektriciteit,2478,2013-12-01
2407,LPG,37460,2013-12-01
2408,Alcohol,2405,2014-01-01
2409,Benzine,4135718,2014-01-01
2410,CNG,1436,2014-01-01
2411,Diesel,430321,2014-01-01
2412,Elektriciteit,2499,2014-01-01
2413,LPG,37510,2014-01-01
2414,Alcohol,2408,2014-02-01
2415,Benzine,4166078,2014-02-01
2416,CNG,1479,2014-02-01
2417,Diesel,435091,2014-02-01
2418,Elektriciteit,2538,2014-02-01
2419,LPG,37574,2014-02-01
2420,Alcohol,2410,2014-03-01
2421,Benzine,4191127,2014-03-01
2422,CNG,1612,2014-03-01
2423,Diesel,440078,2014-03-01
2424,Elektriciteit,2797,2014-03-01
2425,LPG,37732,2014-03-01
2426,Alcohol,2414,2014-04-01
2427,Benzine,4215674,2014-04-01
2428,CNG,1803,2014-04-01
2429,Diesel,445078,2014-04-01
2430,Elektriciteit,2881,2014-04-01
2431,LPG,37864,2014-04-01
2432,Alcohol,2418,2014-05-01
2433,Benzine,4242269,2014-05-01
2434,CNG,2007,2014-05-01
2435,Diesel,450647,2014-05-01
2436,Elektriciteit,2993,2014-05-01
2437,LPG,37937,2014-05-01
2438,Alcohol,2421,2014-06-01
2439,Benzine,4269427,2014-06-01
2440,CNG,2192,2014-06-01
2441,Diesel,456332,2014-06-01
2442,Elektriciteit,3157,2014-06-01
2443,LPG,38071,2014-06-01
2444,Alcohol,2425,2014-07-01
2445,Benzine,4294024,2014-07-01
2446,CNG,2444,2014-07-01
2447,Diesel,462557,2014-07-01
2448,Elektriciteit,3234,2014-07-01
2449,LPG,38142,2014-07-01
2450,Alcohol,2428,2014-08-01
2451,Benzine,4315969,2014-08-01
2452,CNG,2591,2014-08-01
2453,Diesel,467643,2014-08-01
2454,Elektriciteit,3319,2014-08-01
2455,LPG,38190,2014-08-01
2456,Alcohol,2431,2014-09-01
2457,Benzine,4341662,2014-09-01
2458,CNG,2777,2014-09-01
2459,Diesel,473207,2014-09-01
2460,Elektriciteit,3504,2014-09-01
2461,LPG,38250,2014-09-01
2462,Waterstof,4,2014-09-01
2463,Alcohol,2433,2014-10-01
2464,Benzine,4370748,2014-10-01
2465,CNG,2992,2014-10-01
2466,Diesel,480112,2014-10-01
2467,Elektriciteit,3584,2014-10-01
2468,LPG,38306,2014-10-01
2469,Alcohol,2438,2014-11-01
2470,Benzine,4397398,2014-11-01
2471,CNG,3150,2014-11-01
2472,Diesel,486488,2014-11-01
2473,Elektriciteit,3698,2014-11-01
2474,LPG,38351,2014-11-01
2475,Alcohol,2443,2014-12-01
2476,Benzine,4421513,2014-12-01
2477,CNG,3778,2014-12-01
2478,Diesel,495063,2014-12-01
2479,Elektriciteit,4121,2014-12-01
2480,LPG,38372,2014-12-01
2481,Alcohol,2449,2015-01-01
2482,Benzine,4464356,2015-01-01
2483,CNG,3889,2015-01-01
2484,Diesel,501909,2015-01-01
2485,Elektriciteit,4351,2015-01-01
2486,LPG,38403,2015-01-01
2487,Waterstof,5,2015-01-01
2488,Alcohol,2455,2015-02-01
2489,Benzine,4496945,2015-02-01
2490,CNG,3919,2015-02-01
2491,Diesel,506297,2015-02-01
2492,Elektriciteit,4432,2015-02-01
2493,LPG,38435,2015-02-01
2494,Alcohol,2459,2015-03-01
2495,Benzine,4523640,2015-03-01
2496,CNG,3959,2015-03-01
2497,Diesel,511579,2015-03-01
2498,Elektriciteit,4659,2015-03-01
2499,LPG,38450,2015-03-01
2500,Waterstof,8,2015-03-01
2501,Alcohol,2462,2015-04-01
2502,Benzine,4549588,2015-04-01
2503,CNG,3995,2015-04-01
2504,Diesel,516796,2015-04-01
2505,Elektriciteit,4763,2015-04-01
2506,LPG,38471,2015-04-01
2507,Alcohol,2463,2015-05-01
2508,Benzine,4575681,2015-05-01
2509,CNG,4035,2015-05-01
2510,Diesel,522026,2015-05-01
2511,Elektriciteit,4883,2015-05-01
2512,LPG,38505,2015-05-01
2513,Alcohol,2472,2015-06-01
2514,Benzine,4608646,2015-06-01
2515,CNG,4095,2015-06-01
2516,Diesel,528770,2015-06-01
2517,Elektriciteit,5114,2015-06-01
2518,LPG,38532,2015-06-01
2519,Waterstof,9,2015-06-01
2520,Alcohol,2481,2015-07-01
2521,Benzine,4639237,2015-07-01
2522,CNG,4144,2015-07-01
2523,Diesel,535543,2015-07-01
2524,Elektriciteit,5255,2015-07-01
2525,LPG,38568,2015-07-01
2526,Alcohol,2486,2015-08-01
2527,Benzine,4665977,2015-08-01
2528,CNG,4192,2015-08-01
2529,Diesel,541915,2015-08-01
2530,Elektriciteit,5393,2015-08-01
2531,LPG,38601,2015-08-01
2532,Alcohol,2495,2015-09-01
2533,Benzine,4697248,2015-09-01
2534,CNG,4241,2015-09-01
2535,Diesel,547974,2015-09-01
2536,Elektriciteit,6179,2015-09-01
2537,LNG,2,2015-09-01
2538,LPG,38628,2015-09-01
2539,Waterstof,10,2015-09-01
2540,Alcohol,2501,2015-10-01
2541,Benzine,4728193,2015-10-01
2542,CNG,4309,2015-10-01
2543,Diesel,555077,2015-10-01
2544,Elektriciteit,8851,2015-10-01
2545,LPG,38661,2015-10-01
2546,Alcohol,2503,2015-11-01
2547,Benzine,4756322,2015-11-01
2548,CNG,4332,2015-11-01
2549,Diesel,562922,2015-11-01
2550,Elektriciteit,12620,2015-11-01
2551,LPG,38696,2015-11-01
2552,Waterstof,12,2015-11-01
2553,Alcohol,2511,2015-12-01
2554,Benzine,4783081,2015-12-01
2555,CNG,4379,2015-12-01
2556,Diesel,577402,2015-12-01
2557,Elektriciteit,24743,2015-12-01
2558,LPG,38713,2015-12-01
2559,Waterstof,19,2015-12-01
2560,Alcohol,2515,2016-01-01
2561,Benzine,4824131,2016-01-01
2562,CNG,4404,2016-01-01
2563,Diesel,582286,2016-01-01
2564,Elektriciteit,25488,2016-01-01
2565,LPG,38716,2016-01-01
2566,Alcohol,2523,2016-02-01
2567,Benzine,4854487,2016-02-01
2568,CNG,4423,2016-02-01
2569,Diesel,586662,2016-02-01
2570,Elektriciteit,26188,2016-02-01
2571,LPG,38724,2016-02-01
2572,Alcohol,2526,2016-03-01
2573,Benzine,4885020,2016-03-01
2574,CNG,4438,2016-03-01
2575,Diesel,591756,2016-03-01
2576,Elektriciteit,27399,2016-03-01
2577,LPG,38729,2016-03-01
2578,Alcohol,2534,2016-04-01
2579,Benzine,4914311,2016-04-01
2580,CNG,4463,2016-04-01
2581,Diesel,596824,2016-04-01
2582,Elektriciteit,28373,2016-04-01
2583,LPG,38738,2016-04-01
2584,Alcohol,2540,2016-05-01
2585,Benzine,4944466,2016-05-01
2586,CNG,4470,2016-05-01
2587,Diesel,601616,2016-05-01
2588,Elektriciteit,29477,2016-05-01
2589,LPG,38746,2016-05-01
2590,Alcohol,2547,2016-06-01
2591,Benzine,4982885,2016-06-01
2592,CNG,4504,2016-06-01
2593,Diesel,607911,2016-06-01
2594,Elektriciteit,30797,2016-06-01
2595,LPG,38754,2016-06-01
2596,Alcohol,2551,2016-07-01
2597,Benzine,5015053,2016-07-01
2598,CNG,4522,2016-07-01
2599,Diesel,613713,2016-07-01
2600,Elektriciteit,32116,2016-07-01
2601,LPG,38758,2016-07-01
2602,Alcohol,2554,2016-08-01
2603,Benzine,5043264,2016-08-01
2604,CNG,4600,2016-08-01
2605,Diesel,618519,2016-08-01
2606,Elektriciteit,33638,2016-08-01
2607,LPG,38761,2016-08-01
2608,Alcohol,2563,2016-09-01
2609,Benzine,5076391,2016-09-01
2610,CNG,4651,2016-09-01
2611,Diesel,623987,2016-09-01
2612,Elektriciteit,35752,2016-09-01
2613,LPG,38769,2016-09-01
2614,Alcohol,2571,2016-10-01
2615,Benzine,5106627,2016-10-01
2616,CNG,4678,2016-10-01
2617,Diesel,629523,2016-10-01
2618,Elektriciteit,37616,2016-10-01
2619,LPG,38776,2016-10-01
2620,Alcohol,2574,2016-11-01
2621,Benzine,5137917,2016-11-01
2622,CNG,4752,2016-11-01
2623,Diesel,635246,2016-11-01
2624,Elektriciteit,40570,2016-11-01
2625,LPG,38787,2016-11-01
2626,Alcohol,2581,2016-12-01
2627,Benzine,5164206,2016-12-01
2628,CNG,4844,2016-12-01
2629,Diesel,641264,2016-12-01
2630,Elektriciteit,49541,2016-12-01
2631,LPG,38793,2016-12-01
2632,Alcohol,2588,2017-01-01
2633,Benzine,5213657,2017-01-01
2634,CNG,4906,2017-01-01
2635,Diesel,648900,2017-01-01
2636,Elektriciteit,52153,2017-01-01
2637,LPG,38797,2017-01-01
2638,Alcohol,2599,2017-02-01
2639,Benzine,5247916,2017-02-01
2640,CNG,4926,2017-02-01
2641,Diesel,654477,2017-02-01
2642,Elektriciteit,53747,2017-02-01
2643,LPG,38805,2017-02-01
2644,Alcohol,2604,2017-03-01
2645,Benzine,5286835,2017-03-01
2646,CNG,4969,2017-03-01
2647,Diesel,661211,2017-03-01
2648,Elektriciteit,55576,2017-03-01
2649,LPG,38810,2017-03-01
2650,Alcohol,2610,2017-04-01
2651,Benzine,5318673,2017-04-01
2652,CNG,5058,2017-04-01
2653,Diesel,667079,2017-04-01
2654,Elektriciteit,56933,2017-04-01
2655,LPG,38817,2017-04-01
2656,Alcohol,2624,2017-05-01
2657,Benzine,5355555,2017-05-01
2658,CNG,5119,2017-05-01
2659,Diesel,674081,2017-05-01
2660,Elektriciteit,59041,2017-05-01
2661,LPG,38823,2017-05-01
2662,Alcohol,2636,2017-06-01
2663,Benzine,5396361,2017-06-01
2664,CNG,5206,2017-06-01
2665,Diesel,681864,2017-06-01
2666,Elektriciteit,61498,2017-06-01
2667,LPG,38826,2017-06-01
2668,Alcohol,2649,2017-07-01
2669,Benzine,5430472,2017-07-01
2670,CNG,5262,2017-07-01
2671,Diesel,689030,2017-07-01
2672,Elektriciteit,63443,2017-07-01
2673,LPG,38829,2017-07-01
2674,Alcohol,2655,2017-08-01
2675,Benzine,5461707,2017-08-01
2676,CNG,5381,2017-08-01
2677,Diesel,695122,2017-08-01
2678,Elektriciteit,65484,2017-08-01
2679,LNG,3,2017-08-01
2680,LPG,38834,2017-08-01
2681,Alcohol,2664,2017-09-01
2682,Benzine,5498029,2017-09-01
2683,CNG,5438,2017-09-01
2684,Diesel,701833,2017-09-01
2685,Elektriciteit,68079,2017-09-01
2686,LNG,4,2017-09-01
2687,LPG,38839,2017-09-01
2688,Alcohol,2669,2017-10-01
2689,Benzine,5535121,2017-10-01
2690,CNG,5485,2017-10-01
2691,Diesel,709035,2017-10-01
2692,Elektriciteit,70461,2017-10-01
2693,LPG,38848,2017-10-01
2694,Alcohol,2673,2017-11-01
2695,Benzine,5574283,2017-11-01
2696,CNG,5565,2017-11-01
2697,Diesel,715797,2017-11-01
2698,Elektriciteit,73157,2017-11-01
2699,LPG,38856,2017-11-01
2700,Alcohol,2681,2017-12-01
2701,Benzine,5597140,2017-12-01
2702,CNG,5577,2017-12-01
2703,Diesel,720541,2017-12-01
2704,Elektriciteit,75307,2017-12-01
2705,LPG,38860,2017-12-01
2706,Waterstof,21,2017-12-01
2707,Alcohol,2697,2018-01-01
2708,Benzine,5652524,2018-01-01
2709,CNG,5637,2018-01-01
2710,Diesel,730478,2018-01-01
2711,Elektriciteit,78976,2018-01-01
2712,LNG,5,2018-01-01
2713,LPG,38865,2018-01-01
2714,Alcohol,2708,2018-02-01
2715,Benzine,5689653,2018-02-01
2716,CNG,5667,2018-02-01
2717,Diesel,737605,2018-02-01
2718,Elektriciteit,81570,2018-02-01
2719,LPG,38869,2018-02-01
2720,Alcohol,2723,2018-03-01
2721,Benzine,5733249,2018-03-01
2722,CNG,5724,2018-03-01
2723,Diesel,745522,2018-03-01
2724,Elektriciteit,85773,2018-03-01
2725,LPG,38875,2018-03-01
2726,Alcohol,2739,2018-04-01
2727,Benzine,5769805,2018-04-01
2728,CNG,5771,2018-04-01
2729,Diesel,752131,2018-04-01
2730,Elektriciteit,88585,2018-04-01
2731,LNG,6,2018-04-01
2732,LPG,38880,2018-04-01
2733,Alcohol,2749,2018-05-01
2734,Benzine,5809124,2018-05-01
2735,CNG,5903,2018-05-01
2736,Diesel,758774,2018-05-01
2737,Elektriciteit,92090,2018-05-01
2738,LPG,38891,2018-05-01
2739,Alcohol,2767,2018-06-01
2740,Benzine,5857684,2018-06-01
2741,CNG,5974,2018-06-01
2742,Diesel,765790,2018-06-01
2743,Elektriciteit,96827,2018-06-01
2744,LPG,38898,2018-06-01
2745,Alcohol,2783,2018-07-01
2746,Benzine,5897578,2018-07-01
2747,CNG,6057,2018-07-01
2748,Diesel,772664,2018-07-01
2749,Elektriciteit,99796,2018-07-01
2750,LPG,38907,2018-07-01
2751,Alcohol,2804,2018-08-01
2752,Benzine,5941100,2018-08-01
2753,CNG,6123,2018-08-01
2754,Diesel,778851,2018-08-01
2755,Elektriciteit,103410,2018-08-01
2756,LPG,38912,2018-08-01
2757,Alcohol,2821,2018-09-01
2758,Benzine,5973601,2018-09-01
2759,CNG,6131,2018-09-01
2760,Diesel,783659,2018-09-01
2761,Elektriciteit,107973,2018-09-01
2762,LPG,38918,2018-09-01
2763,Alcohol,2841,2018-10-01
2764,Benzine,6008290,2018-10-01
2765,CNG,6155,2018-10-01
2766,Diesel,789150,2018-10-01
2767,Elektriciteit,111428,2018-10-01
2768,LPG,38928,2018-10-01
2769,Alcohol,2859,2018-11-01
2770,Benzine,6046622,2018-11-01
2771,CNG,6168,2018-11-01
2772,Diesel,794624,2018-11-01
2773,Elektriciteit,116364,2018-11-01
2774,LPG,38937,2018-11-01
2775,Alcohol,2883,2018-12-01
2776,Benzine,6069820,2018-12-01
2777,CNG,6179,2018-12-01
2778,Diesel,798084,2018-12-01
2779,Elektriciteit,123405,2018-12-01
2780,LPG,38944,2018-12-01
2781,Alcohol,2898,2019-01-01
2782,Benzine,6119472,2019-01-01
2783,CNG,6201,2019-01-01
2784,Diesel,804466,2019-01-01
2785,Elektriciteit,128600,2019-01-01
2786,LPG,38955,2019-01-01
2787,Waterstof,22,2019-01-01
2788,Alcohol,2916,2019-02-01
2789,Benzine,6155646,2019-02-01
2790,CNG,6226,2019-02-01
2791,Diesel,809337,2019-02-01
2792,Elektriciteit,132530,2019-02-01
2793,LPG,38958,2019-02-01
2794,Alcohol,2938,2019-03-01
2795,Benzine,6197266,2019-03-01
2796,CNG,6254,2019-03-01
2797,Diesel,814619,2019-03-01
2798,Elektriciteit,139761,2019-03-01
2799,LPG,38961,2019-03-01
2800,Alcohol,2957,2019-04-01
2801,Benzine,6234867,2019-04-01
2802,CNG,6280,2019-04-01
2803,Diesel,819736,2019-04-01
2804,Elektriciteit,144460,2019-04-01
2805,LPG,38965,2019-04-01
2806,Alcohol,2978,2019-05-01
2807,Benzine,6276725,2019-05-01
2808,CNG,6298,2019-05-01
2809,Diesel,824952,2019-05-01
2810,Elektriciteit,149997,2019-05-01
2811,LPG,38976,2019-05-01
2812,Alcohol,2992,2019-06-01
2813,Benzine,6319788,2019-06-01
2814,CNG,6321,2019-06-01
2815,Diesel,830235,2019-06-01
2816,Elektriciteit,157368,2019-06-01
2817,LPG,38981,2019-06-01
2818,Waterstof,24,2019-06-01
2819,Alcohol,3021,2019-07-01
2820,Benzine,6359813,2019-07-01
2821,CNG,6358,2019-07-01
2822,Diesel,835778,2019-07-01
2823,Elektriciteit,162110,2019-07-01
2824,LPG,38989,2019-07-01
2825,Alcohol,3033,2019-08-01
2826,Benzine,6398889,2019-08-01
2827,CNG,6384,2019-08-01
2828,Diesel,840261,2019-08-01
2829,Elektriciteit,167726,2019-08-01
2830,LPG,38996,2019-08-01
2831,Alcohol,3050,2019-09-01
2832,Benzine,6436734,2019-09-01
2833,CNG,6413,2019-09-01
2834,Diesel,844105,2019-09-01
2835,Elektriciteit,178333,2019-09-01
2836,LPG,39004,2019-09-01
2837,Waterstof,25,2019-09-01
2838,Alcohol,3064,2019-10-01
2839,Benzine,6478110,2019-10-01
2840,CNG,6483,2019-10-01
2841,Diesel,848386,2019-10-01
2842,Elektriciteit,183810,2019-10-01
2843,LPG,39014,2019-10-01
2844,Waterstof,27,2019-10-01
2845,Alcohol,3084,2019-11-01
2846,Benzine,6520447,2019-11-01
2847,CNG,6517,2019-11-01
2848,Diesel,852836,2019-11-01
2849,Elektriciteit,193772,2019-11-01
2850,LPG,39019,2019-11-01
2851,Alcohol,3100,2019-12-01
2852,Benzine,6549005,2019-12-01
2853,CNG,6572,2019-12-01
2854,Diesel,857057,2019-12-01
2855,Elektriciteit,218525,2019-12-01
2856,LPG,39028,2019-12-01
2857,Alcohol,3115,2020-01-01
2858,Benzine,6599192,2020-01-01
2859,CNG,6587,2020-01-01
2860,Diesel,861594,2020-01-01
2861,Elektriciteit,225890,2020-01-01
2862,LPG,39044,2020-01-01
2863,Waterstof,34,2020-01-01
2864,Alcohol,3131,2020-02-01
2865,Benzine,6635713,2020-02-01
2866,CNG,6601,2020-02-01
2867,Diesel,865006,2020-02-01
2868,Elektriciteit,232754,2020-02-01
2869,LPG,39052,2020-02-01
2870,Waterstof,35,2020-02-01
2871,Alcohol,3147,2020-03-01
2872,Benzine,6668328,2020-03-01
2873,CNG,6617,2020-03-01
2874,Diesel,868332,2020-03-01
2875,Elektriciteit,241153,2020-03-01
2876,LPG,39063,2020-03-01
2877,Alcohol,3157,2020-04-01
2878,Benzine,6686578,2020-04-01
2879,CNG,6625,2020-04-01
2880,Diesel,869971,2020-04-01
2881,Elektriciteit,245228,2020-04-01
2882,LPG,39064,2020-04-01
2883,Alcohol,3174,2020-05-01
2884,Benzine,6709368,2020-05-01
2885,CNG,6629,2020-05-01
2886,Diesel,872179,2020-05-01
2887,Elektriciteit,249025,2020-05-01
2888,LPG,39069,2020-05-01
2889,Alcohol,3192,2020-06-01
2890,Benzine,6743433,2020-06-01
2891,CNG,6641,2020-06-01
2892,Diesel,875532,2020-06-01
2893,Elektriciteit,255178,2020-06-01
2894,LPG,39079,2020-06-01
2895,Waterstof,36,2020-06-01
2896,Alcohol,3213,2020-07-01
2897,Benzine,6786664,2020-07-01
2898,CNG,6657,2020-07-01
2899,Diesel,879481,2020-07-01
2900,Elektriciteit,264907,2020-07-01
2901,LPG,39087,2020-07-01
2902,Waterstof,41,2020-07-01
2903,Alcohol,3228,2020-08-01
2904,Benzine,6819754,2020-08-01
2905,CNG,6672,2020-08-01
2906,Diesel,882529,2020-08-01
2907,Elektriciteit,274380,2020-08-01
2908,LPG,39097,2020-08-01
2909,Waterstof,43,2020-08-01
2910,Alcohol,3245,2020-09-01
2911,Benzine,6854168,2020-09-01
2912,CNG,6689,2020-09-01
2913,Diesel,885513,2020-09-01
2914,Elektriciteit,287408,2020-09-01
2915,LPG,39108,2020-09-01
2916,Waterstof,48,2020-09-01
2917,Alcohol,3267,2020-10-01
2918,Benzine,6891670,2020-10-01
2919,CNG,6697,2020-10-01
2920,Diesel,888596,2020-10-01
2921,Elektriciteit,302425,2020-10-01
2922,LPG,39117,2020-10-01
2923,Waterstof,49,2020-10-01
2924,Alcohol,3285,2020-11-01
2925,Benzine,6926749,2020-11-01
2926,CNG,6710,2020-11-01
2927,Diesel,891255,2020-11-01
2928,Elektriciteit,318073,2020-11-01
2929,LPG,39130,2020-11-01
2930,Waterstof,50,2020-11-01
2931,Alcohol,3301,2020-12-01
2932,Benzine,6952571,2020-12-01
2933,CNG,6725,2020-12-01
2934,Diesel,893364,2020-12-01
2935,Elektriciteit,352293,2020-12-01
2936,LPG,39140,2020-12-01
2937,Waterstof,51,2020-12-01
2938,Alcohol,3310,2021-01-01
2939,Benzine,6990735,2021-01-01
2940,CNG,6743,2021-01-01
2941,Diesel,895960,2021-01-01
2942,Elektriciteit,365183,2021-01-01
2943,LPG,39151,2021-01-01
2944,Waterstof,55,2021-01-01
2945,Alcohol,3320,2021-02-01
2946,Benzine,7019955,2021-02-01
2947,CNG,6752,2021-02-01
2948,Diesel,898315,2021-02-01
2949,Elektriciteit,373644,2021-02-01
2950,LPG,39163,2021-02-01
2951,Waterstof,57,2021-02-01
2952,Alcohol,3335,2021-03-01
2953,Benzine,7053692,2021-03-01
2954,CNG,6762,2021-03-01
2955,Diesel,901464,2021-03-01
2956,Elektriciteit,384037,2021-03-01
2957,LPG,39182,2021-03-01
2958,Waterstof,72,2021-03-01
2959,Alcohol,3352,2021-04-01
2960,Benzine,7086270,2021-04-01
2961,CNG,6772,2021-04-01
2962,Diesel,904864,2021-04-01
2963,Elektriciteit,395018,2021-04-01
2964,LPG,39192,2021-04-01
2965,Waterstof,74,2021-04-01
2966,Alcohol,3368,2021-05-01
2967,Benzine,7119964,2021-05-01
2968,CNG,6785,2021-05-01
2969,Diesel,907983,2021-05-01
2970,Elektriciteit,407018,2021-05-01
2971,LPG,39203,2021-05-01
2972,Waterstof,75,2021-05-01
2973,Alcohol,3383,2021-06-01
2974,Benzine,7158972,2021-06-01
2975,CNG,6813,2021-06-01
2976,Diesel,911286,2021-06-01
2977,Elektriciteit,423477,2021-06-01
2978,LPG,39213,2021-06-01
2979,Alcohol,3396,2021-07-01
2980,Benzine,7196452,2021-07-01
2981,CNG,6826,2021-07-01
2982,Diesel,914593,2021-07-01
2983,Elektriciteit,436310,2021-07-01
2984,LPG,39228,2021-07-01
2985,Waterstof,76,2021-07-01
2986,Alcohol,3407,2021-08-01
2987,Benzine,7226647,2021-08-01
2988,CNG,6837,2021-08-01
2989,Diesel,917095,2021-08-01
2990,Elektriciteit,448364,2021-08-01
2991,LPG,39241,2021-08-01
2992,Waterstof,77,2021-08-01
2993,Alcohol,3418,2021-09-01
2994,Benzine,7257458,2021-09-01
2995,CNG,6849,2021-09-01
2996,Diesel,919532,2021-09-01
2997,Elektriciteit,462838,2021-09-01
2998,LPG,39250,2021-09-01
2999,Waterstof,78,2021-09-01
3000,Alcohol,3431,2021-10-01
3001,Benzine,7289707,2021-10-01
3002,CNG,6855,2021-10-01
3003,Diesel,922082,2021-10-01
3004,Elektriciteit,477217,2021-10-01
3005,LPG,39284,2021-10-01
3006,Waterstof,79,2021-10-01
3007,Alcohol,3444,2021-11-01
3008,Benzine,7319460,2021-11-01
3009,CNG,6858,2021-11-01
3010,Diesel,924477,2021-11-01
3011,Elektriciteit,494472,2021-11-01
3012,LPG,39308,2021-11-01
3013,Waterstof,80,2021-11-01
3014,Alcohol,3455,2021-12-01
3015,Benzine,7346618,2021-12-01
3016,CNG,6867,2021-12-01
3017,Diesel,926911,2021-12-01
3018,Elektriciteit,522380,2021-12-01
3019,LPG,39323,2021-12-01
3020,Waterstof,81,2021-12-01
3021,Alcohol,3471,2022-01-01
3022,Benzine,7379825,2022-01-01
3023,CNG,6883,2022-01-01
3024,Diesel,929407,2022-01-01
3025,Elektriciteit,538864,2022-01-01
3026,LPG,39337,2022-01-01
3027,Waterstof,85,2022-01-01
3028,Alcohol,3488,2022-02-01
3029,Benzine,7406931,2022-02-01
3030,CNG,6893,2022-02-01
3031,Diesel,931990,2022-02-01
3032,Elektriciteit,552502,2022-02-01
3033,LPG,39350,2022-02-01
3034,Waterstof,86,2022-02-01
3035,Alcohol,3501,2022-03-01
3036,Benzine,7433439,2022-03-01
3037,CNG,6901,2022-03-01
3038,Diesel,934793,2022-03-01
3039,Elektriciteit,569450,2022-03-01
3040,LPG,39372,2022-03-01
3041,Waterstof,87,2022-03-01
3042,Alcohol,3508,2022-04-01
3043,Benzine,7457928,2022-04-01
3044,CNG,6914,2022-04-01
3045,Diesel,937610,2022-04-01
3046,Elektriciteit,584545,2022-04-01
3047,LPG,39393,2022-04-01
3048,Waterstof,89,2022-04-01
3049,Alcohol,3521,2022-05-01
3050,Benzine,7483800,2022-05-01
3051,CNG,6921,2022-05-01
3052,Diesel,940149,2022-05-01
3053,Elektriciteit,599457,2022-05-01
3054,LPG,39410,2022-05-01
3055,Waterstof,92,2022-05-01
3056,Alcohol,3532,2022-06-01
3057,Benzine,7513836,2022-06-01
3058,CNG,6932,2022-06-01
3059,Diesel,942681,2022-06-01
3060,Elektriciteit,617985,2022-06-01
3061,LPG,39422,2022-06-01
3062,Waterstof,96,2022-06-01
3063,Alcohol,3543,2022-07-01
3064,Benzine,7539615,2022-07-01
3065,CNG,6941,2022-07-01
3066,Diesel,945158,2022-07-01
3067,Elektriciteit,631804,2022-07-01
3068,LPG,39447,2022-07-01
3069,Alcohol,3553,2022-08-01
3070,Benzine,7564706,2022-08-01
3071,CNG,6947,2022-08-01
3072,Diesel,947106,2022-08-01
3073,Elektriciteit,646682,2022-08-01
3074,LPG,39473,2022-08-01
3075,Waterstof,98,2022-08-01
3076,Alcohol,3565,2022-09-01
3077,Benzine,7590011,2022-09-01
3078,CNG,6963,2022-09-01
3079,Diesel,948841,2022-09-01
3080,Elektriciteit,663596,2022-09-01
3081,LPG,39502,2022-09-01
3082,Waterstof,100,2022-09-01
3083,Alcohol,3574,2022-10-01
3084,Benzine,7616254,2022-10-01
3085,CNG,6983,2022-10-01
3086,Diesel,950441,2022-10-01
3087,Elektriciteit,683096,2022-10-01
3088,LPG,39526,2022-10-01
3089,Waterstof,103,2022-10-01
3090,Alcohol,3588,2022-11-01
3091,Benzine,7642325,2022-11-01
3092,CNG,6996,2022-11-01
3093,Diesel,951993,2022-11-01
3094,Elektriciteit,702198,2022-11-01
3095,LPG,39547,2022-11-01
3096,Waterstof,105,2022-11-01
3097,Alcohol,3597,2022-12-01
3098,Benzine,7667014,2022-12-01
3099,CNG,7011,2022-12-01
3100,Diesel,953522,2022-12-01
3101,Elektriciteit,725833,2022-12-01
3102,LPG,39563,2022-12-01
3103,Waterstof,107,2022-12-01
3104,Alcohol,3610,2023-01-01
3105,Benzine,7698904,2023-01-01
3106,CNG,7019,2023-01-01
3107,Diesel,955154,2023-01-01
3108,Elektriciteit,745848,2023-01-01
3109,LPG,39578,2023-01-01
3110,Waterstof,109,2023-01-01
3111,Alcohol,3618,2023-02-01
3112,Benzine,7724091,2023-02-01
3113,CNG,7026,2023-02-01
3114,Diesel,956849,2023-02-01
3115,Elektriciteit,766503,2023-02-01
3116,LPG,39592,2023-02-01
3117,Alcohol,3620,2023-03-01
3118,Benzine,7735482,2023-03-01
3119,CNG,7032,2023-03-01
3120,Diesel,957779,2023-03-01
3121,Elektriciteit,777067,2023-03-01
3122,LPG,39600,2023-03-01
3123,Waterstof,110,2023-03-01
