,aantal_cilinders,emissiecode_omschrijving,jaar,cilinderinhoud
0,0.0,0.0,1962,425.0
1,0.0,0.0,1973,995.3333333333334
2,0.0,0.0,1974,995.0
3,0.0,0.0,1975,1308.0
4,0.0,0.0,1976,1308.0
5,0.0,0.0,1979,1146.0
6,0.0,0.0,1981,1463.5
7,0.0,0.0,1983,1146.0
8,0.0,0.0,1986,1146.0
9,0.0,0.0,1988,1308.0
10,0.0,0.0,1989,1146.0
11,0.0,0.0,1991,1308.0
12,0.0,0.0,1993,995.0
13,0.0,0.0,1994,1584.0
14,0.0,0.0,1995,1308.0
15,0.0,0.0,1998,1146.0
16,0.0,0.0,2004,1189.25
17,0.0,0.0,2005,1308.0
18,0.0,0.0,2006,1112.25
19,0.0,0.0,2007,1096.6666666666667
20,0.0,0.0,2008,1175.5
21,0.0,0.0,2009,2463.0
22,0.0,0.0,2010,2107.4
23,0.0,0.0,2011,1438.0833333333333
24,0.0,0.0,2012,1952.923076923077
25,0.0,0.0,2013,1695.7692307692307
26,0.0,0.0,2014,2238.3333333333335
27,0.0,0.0,2015,1033.5
28,0.0,0.0,2016,1322.3333333333333
29,0.0,0.0,2017,1921.8
30,0.0,0.0,2018,1491.0
31,0.0,0.0,2019,571.3333333333334
32,0.0,0.0,2021,1146.0
33,0.0,1.0,2001,1308.0
34,0.0,1.0,2004,1308.0
35,0.0,1.0,2006,2616.0
36,0.0,1.0,2007,1308.0
37,0.0,1.0,2008,1308.0
38,0.0,1.0,2009,1584.857142857143
39,0.0,1.0,2010,1490.2857142857142
40,0.0,1.0,2011,1308.0
41,0.0,1.0,2012,1861.0
42,0.0,1.0,2013,2082.0
43,0.0,1.0,2014,1043.0
44,0.0,1.0,2015,1305.3333333333333
45,0.0,1.0,2016,1306.0
46,0.0,1.0,2017,1854.0
47,0.0,1.0,2018,1308.0
48,0.0,2.0,1998,2461.0
49,0.0,2.0,2004,1496.0
50,0.0,2.0,2007,4601.0
51,0.0,2.0,2008,2253.5
52,0.0,2.0,2010,2335.0
53,0.0,2.0,2011,2297.0
54,0.0,2.0,2012,1331.0
55,0.0,2.0,2013,3282.3333333333335
56,0.0,2.0,2014,3522.0
57,0.0,2.0,2015,3486.5
58,0.0,2.0,2016,1308.0
59,0.0,2.0,2017,1458.0
60,0.0,2.0,2018,1304.0
61,0.0,2.0,2019,1308.0
62,0.0,4.0,2003,1598.0
63,0.0,4.0,2005,1308.0
64,0.0,4.0,2006,1308.0
65,0.0,4.0,2008,3044.0
66,0.0,4.0,2010,1570.5
67,0.0,4.0,2011,1720.6666666666667
68,0.0,4.0,2012,953.5
69,0.0,4.0,2013,1696.9130434782608
70,0.0,4.0,2014,2033.7692307692307
71,0.0,4.0,2015,1565.8
72,0.0,4.0,2016,1302.3333333333333
73,0.0,4.0,2017,1308.0
74,0.0,4.0,2018,1682.6666666666667
75,0.0,4.0,2004,1308.0
76,0.0,4.0,2005,2800.0
77,0.0,4.0,2006,2203.2
78,0.0,4.0,2007,2288.5
79,0.0,4.0,2008,1713.6666666666667
80,0.0,4.0,2009,1897.3333333333333
81,0.0,4.0,2010,1790.0
82,0.0,4.0,2011,2225.1
83,0.0,4.0,2012,2122.9166666666665
84,0.0,4.0,2013,1639.0
85,0.0,4.0,2014,1474.948717948718
86,0.0,4.0,2015,1375.3636363636363
87,0.0,4.0,2016,1431.047619047619
88,0.0,4.0,2017,1514.5263157894738
89,0.0,4.0,2018,1461.8823529411766
90,0.0,4.0,2019,1308.0
91,0.0,4.0,2020,1308.0
92,0.0,4.0,2021,1308.0
93,0.0,4.0,2022,1308.0
94,0.0,5.0,2011,1942.5
95,0.0,5.0,2013,2434.0
96,0.0,5.0,2014,2619.5
97,0.0,7.0,1991,9999.0
98,0.0,7.0,1993,9999.0
99,0.0,7.0,1994,9999.0
100,0.0,7.0,2000,1590.0
101,0.0,7.0,2007,1043.0
102,0.0,7.0,2009,1393.4285714285713
103,0.0,7.0,2010,1657.75
104,0.0,7.0,2012,1968.0
105,0.0,7.0,2015,698.0
106,1.0,0.0,1963,194.5
107,1.0,0.0,1964,200.0
108,1.0,0.0,1968,300.0
109,1.0,0.0,1983,298.0
110,1.0,0.0,2005,198.0
111,1.0,0.0,2006,715.0
112,1.0,0.0,2007,298.0
113,1.0,0.0,2008,242.75
114,1.0,0.0,2009,279.0
115,1.0,0.0,2010,324.0
116,1.0,0.0,2011,246.0
117,1.0,0.0,2012,298.0
118,1.0,0.0,2013,1609.0
119,1.0,0.0,2015,289.0
120,1.0,0.0,2016,245.0
121,1.0,0.0,2017,309.0
122,1.0,0.0,2018,6750.0
123,1.0,0.0,2019,280.3333333333333
124,1.0,0.0,2020,264.3333333333333
125,1.0,0.0,2021,554.25
126,1.0,0.0,2022,591.25
127,1.0,4.0,2000,338.0
128,1.0,4.0,2009,299.0
129,1.0,4.0,2005,1308.0
130,1.0,4.0,2014,1360.0
131,1.0,4.0,2020,1308.0
132,1.0,4.0,2022,1308.0
133,1.0,5.0,2013,1968.0
134,1.0,5.0,2014,2143.0
135,1.0,5.0,2015,503.0
136,1.0,6.0,2018,2287.0
137,1.0,6.0,2019,300.0
138,1.0,6.0,2022,1968.0
139,2.0,0.0,1951,690.0
140,2.0,0.0,1952,944.5
141,2.0,0.0,1955,845.0
142,2.0,0.0,1957,337.0
143,2.0,0.0,1958,393.0
144,2.0,0.0,1959,510.5
145,2.0,0.0,1960,505.625
146,2.0,0.0,1961,521.6666666666666
147,2.0,0.0,1962,638.2
148,2.0,0.0,1963,624.625
149,2.0,0.0,1964,587.8
150,2.0,0.0,1965,645.2857142857143
151,2.0,0.0,1966,651.3333333333334
152,2.0,0.0,1967,632.8333333333334
153,2.0,0.0,1968,533.7058823529412
154,2.0,0.0,1969,575.0588235294117
155,2.0,0.0,1970,610.2702702702703
156,2.0,0.0,1971,559.9583333333334
157,2.0,0.0,1972,596.5405405405405
158,2.0,0.0,1973,684.6176470588235
159,2.0,0.0,1974,649.5813953488372
160,2.0,0.0,1975,610.56
161,2.0,0.0,1976,642.3103448275862
162,2.0,0.0,1977,649.2272727272727
163,2.0,0.0,1978,615.1379310344828
164,2.0,0.0,1979,601.8275862068965
165,2.0,0.0,1980,676.3939393939394
166,2.0,0.0,1981,681.1343283582089
167,2.0,0.0,1982,605.0
168,2.0,0.0,1983,602.006711409396
169,2.0,0.0,1984,603.9545454545455
170,2.0,0.0,1985,603.4176706827309
171,2.0,0.0,1986,603.2736974262398
172,2.0,0.0,1987,603.0640138408304
173,2.0,0.0,1988,615.0641025641025
174,2.0,0.0,1989,607.1951219512196
175,2.0,0.0,1990,603.8190476190476
176,2.0,0.0,1991,605.4893617021277
177,2.0,0.0,1992,594.8205128205128
178,2.0,0.0,1993,598.9607843137255
179,2.0,0.0,1994,601.0714285714286
180,2.0,0.0,1995,590.3373493975904
181,2.0,0.0,1996,598.7910447761194
182,2.0,0.0,1997,599.6466165413534
183,2.0,0.0,1998,600.2700729927008
184,2.0,0.0,1999,600.3538461538461
185,2.0,0.0,2000,600.6938775510204
186,2.0,0.0,2001,600.1630434782609
187,2.0,0.0,2002,606.5945945945946
188,2.0,0.0,2003,602.0
189,2.0,0.0,2004,594.5978260869565
190,2.0,0.0,2005,584.1214953271028
191,2.0,0.0,2006,613.1875
192,2.0,0.0,2007,578.734693877551
193,2.0,0.0,2008,592.4734042553191
194,2.0,0.0,2009,612.2
195,2.0,0.0,2010,575.0
196,2.0,0.0,2011,585.8581081081081
197,2.0,0.0,2012,595.5510204081633
198,2.0,0.0,2013,556.3064516129032
199,2.0,0.0,2014,581.4583333333334
200,2.0,0.0,2015,595.5065789473684
201,2.0,0.0,2016,576.1818181818181
202,2.0,0.0,2017,604.7692307692307
203,2.0,0.0,2018,614.5652173913044
204,2.0,0.0,2019,597.0059523809524
205,2.0,0.0,2020,608.3130841121496
206,2.0,0.0,2021,611.9835390946502
207,2.0,0.0,2022,595.3127147766323
208,2.0,0.0,2023,575.2142857142857
209,2.0,1.0,1992,665.0
210,2.0,1.0,1994,602.0
211,2.0,1.0,1995,648.1538461538462
212,2.0,1.0,1997,652.0
213,2.0,1.0,1998,602.0
214,2.0,1.0,2000,602.0
215,2.0,1.0,2002,704.0
216,2.0,1.0,2003,602.0
217,2.0,1.0,2005,598.0
218,2.0,1.0,2006,652.0
219,2.0,1.0,2008,1308.0
220,2.0,1.0,2009,652.0
221,2.0,1.0,2010,652.0
222,2.0,1.0,2012,1146.0
223,2.0,1.0,2014,652.0
224,2.0,1.0,2015,652.0
225,2.0,1.0,2016,853.3333333333334
226,2.0,1.0,2017,667.3333333333334
227,2.0,1.0,2018,602.0
228,2.0,1.0,2019,1100.6666666666667
229,2.0,1.0,2020,826.75
230,2.0,1.0,2021,976.0
231,2.0,1.0,2022,980.0
232,2.0,2.0,1996,652.0
233,2.0,2.0,1997,652.0
234,2.0,2.0,1998,652.0
235,2.0,2.0,1999,413.0
236,2.0,2.0,2005,651.6
237,2.0,2.0,2006,652.0
238,2.0,2.0,2007,644.0
239,2.0,2.0,2008,1268.6
240,2.0,2.0,2009,652.0
241,2.0,2.0,2012,1340.0
242,2.0,2.0,2015,650.0
243,2.0,2.0,2016,975.0
244,2.0,2.0,2019,639.5
245,2.0,2.0,2021,652.0
246,2.0,2.0,2022,1308.0
247,2.0,2.0,2023,652.0
248,2.0,4.0,2004,652.0
249,2.0,4.0,2005,652.0
250,2.0,4.0,2006,652.0
251,2.0,4.0,2007,652.0
252,2.0,4.0,2009,652.0
253,2.0,4.0,2013,652.0
254,2.0,4.0,2014,650.0
255,2.0,4.0,2016,652.0
256,2.0,4.0,2017,799.0
257,2.0,4.0,2018,1308.0
258,2.0,4.0,2019,1330.0
259,2.0,4.0,2020,3410.5
260,2.0,4.0,2021,1308.0
261,2.0,4.0,2022,1306.0
262,2.0,4.0,2004,1308.0
263,2.0,4.0,2006,1308.0
264,2.0,4.0,2010,997.0
265,2.0,4.0,2011,1308.0
266,2.0,4.0,2013,998.0
267,2.0,4.0,2014,1268.5
268,2.0,4.0,2016,1003.0
269,2.0,4.0,2017,1198.0
270,2.0,4.0,2019,1240.2222222222222
271,2.0,4.0,2020,1308.0
272,2.0,4.0,2021,1308.0
273,2.0,4.0,2022,1308.0
274,2.0,5.0,2010,875.0
275,2.0,5.0,2011,875.0
276,2.0,5.0,2012,875.724269985639
277,2.0,5.0,2013,900.4896149949342
278,2.0,5.0,2014,898.534
279,2.0,5.0,2015,875.3853820598007
280,2.0,5.0,2016,875.0
281,2.0,5.0,2017,875.6760124610591
282,2.0,5.0,2018,880.1974789915967
283,2.0,5.0,2019,876.8469945355191
284,2.0,5.0,2020,877.989247311828
285,2.0,5.0,2021,876.1946308724832
286,2.0,5.0,2022,880.8
287,2.0,5.0,2023,875.0
288,2.0,6.0,1972,499.0
289,2.0,6.0,2013,885.4242671009772
290,2.0,6.0,2014,900.7480875558585
291,2.0,6.0,2015,888.1966832888786
292,2.0,6.0,2016,880.1649457241197
293,2.0,6.0,2017,882.4525078584119
294,2.0,6.0,2018,876.5101034208433
295,2.0,6.0,2019,872.7501601537476
296,2.0,6.0,2020,869.862977602108
297,2.0,6.0,2021,855.8611987381704
298,2.0,6.0,2022,869.3333333333334
299,2.0,6.0,2023,865.88
300,2.0,7.0,2015,647.0
301,2.0,7.0,2016,647.0
302,2.0,7.0,2017,647.0
303,2.0,7.0,2018,647.0
304,3.0,0.0,1955,896.0
305,3.0,0.0,1956,896.0
306,3.0,0.0,1957,896.0
307,3.0,0.0,1958,863.0
308,3.0,0.0,1959,803.0
309,3.0,0.0,1960,886.0
310,3.0,0.0,1961,860.5
311,3.0,0.0,1962,878.2
312,3.0,0.0,1963,965.4
313,3.0,0.0,1964,985.25
314,3.0,0.0,1965,842.0
315,3.0,0.0,1966,843.0
316,3.0,0.0,1967,994.5
317,3.0,0.0,1970,658.0
318,3.0,0.0,1971,475.0
319,3.0,0.0,1972,737.5
320,3.0,0.0,1973,1000.0
321,3.0,0.0,1975,1177.0
322,3.0,0.0,1978,999.5
323,3.0,0.0,1979,1000.0
324,3.0,0.0,1982,747.3333333333334
325,3.0,0.0,1983,981.8235294117648
326,3.0,0.0,1984,973.6071428571429
327,3.0,0.0,1985,987.2903225806451
328,3.0,0.0,1986,880.327868852459
329,3.0,0.0,1987,886.2424242424242
330,3.0,0.0,1988,873.6066666666667
331,3.0,0.0,1989,856.5942028985507
332,3.0,0.0,1990,852.0566037735849
333,3.0,0.0,1991,870.9205298013245
334,3.0,0.0,1992,886.295918367347
335,3.0,0.0,1993,993.0
336,3.0,0.0,1994,963.6
337,3.0,0.0,1995,860.0
338,3.0,0.0,1996,953.8
339,3.0,0.0,1997,993.0
340,3.0,0.0,1998,726.5
341,3.0,0.0,1999,943.75
342,3.0,0.0,2000,993.0
343,3.0,0.0,2001,1189.0
344,3.0,0.0,2003,827.0
345,3.0,0.0,2004,898.0
346,3.0,0.0,2005,920.4285714285714
347,3.0,0.0,2006,1086.3333333333333
348,3.0,0.0,2007,927.2222222222222
349,3.0,0.0,2008,898.5
350,3.0,0.0,2009,890.8571428571429
351,3.0,0.0,2010,919.125
352,3.0,0.0,2011,916.0
353,3.0,0.0,2012,899.4285714285714
354,3.0,0.0,2013,879.0909090909091
355,3.0,0.0,2014,872.5
356,3.0,0.0,2015,998.2857142857143
357,3.0,0.0,2016,1108.1666666666667
358,3.0,0.0,2017,909.1
359,3.0,0.0,2018,921.6666666666666
360,3.0,0.0,2019,908.4615384615385
361,3.0,0.0,2020,767.9444444444445
362,3.0,0.0,2021,844.2941176470588
363,3.0,0.0,2022,891.0
364,3.0,0.0,2023,916.5
365,3.0,1.0,1992,976.3541666666666
366,3.0,1.0,1993,945.2589285714286
367,3.0,1.0,1994,923.0090909090909
368,3.0,1.0,1995,907.5701357466063
369,3.0,1.0,1996,846.5
370,3.0,1.0,1998,909.0
371,3.0,1.0,1999,846.0
372,3.0,1.0,2000,833.1666666666666
373,3.0,1.0,2001,720.3333333333334
374,3.0,1.0,2002,1189.0
375,3.0,1.0,2005,923.0
376,3.0,1.0,2006,657.0
377,3.0,1.0,2007,657.0
378,3.0,1.0,2008,657.3333333333334
379,3.0,1.0,2009,1309.5
380,3.0,1.0,2010,993.0
381,3.0,1.0,2011,1190.0
382,3.0,1.0,2013,834.6666666666666
383,3.0,1.0,2014,656.0
384,3.0,1.0,2015,825.0
385,3.0,1.0,2016,657.0
386,3.0,1.0,2017,658.0
387,3.0,1.0,2018,657.0
388,3.0,1.0,2019,658.5
389,3.0,1.0,2020,713.1666666666666
390,3.0,1.0,2021,790.0
391,3.0,1.0,2022,923.1666666666666
392,3.0,1.0,2023,657.0
393,3.0,2.0,1995,1189.0
394,3.0,2.0,1996,892.6927710843373
395,3.0,2.0,1997,871.4419642857143
396,3.0,2.0,1998,884.1452991452992
397,3.0,2.0,1999,858.8197381671702
398,3.0,2.0,2000,845.485036119711
399,3.0,2.0,2001,895.2777777777778
400,3.0,2.0,2002,880.3939393939394
401,3.0,2.0,2003,795.2962962962963
402,3.0,2.0,2004,768.15
403,3.0,2.0,2005,814.625
404,3.0,2.0,2006,875.4666666666667
405,3.0,2.0,2007,870.3333333333334
406,3.0,2.0,2008,936.5
407,3.0,2.0,2009,874.1428571428571
408,3.0,2.0,2010,978.0
409,3.0,2.0,2011,887.3333333333334
410,3.0,2.0,2012,973.0
411,3.0,2.0,2013,919.8333333333334
412,3.0,2.0,2014,858.0
413,3.0,2.0,2015,781.0
414,3.0,2.0,2016,794.2727272727273
415,3.0,2.0,2017,859.0
416,3.0,2.0,2018,934.3333333333334
417,3.0,2.0,2019,698.6666666666666
418,3.0,2.0,2020,879.5
419,3.0,2.0,2021,814.625
420,3.0,2.0,2022,681.2
421,3.0,2.0,2023,973.0
422,3.0,4.0,1999,1191.0
423,3.0,4.0,2000,881.1020408163265
424,3.0,4.0,2001,813.393690851735
425,3.0,4.0,2002,839.5693365212194
426,3.0,4.0,2003,903.3319536423841
427,3.0,4.0,2004,843.3373702422145
428,3.0,4.0,2005,845.8721374045801
429,3.0,4.0,2006,1076.56
430,3.0,4.0,2007,1061.2125
431,3.0,4.0,2008,1060.3037974683543
432,3.0,4.0,2009,1112.525
433,3.0,4.0,2010,1103.7359413202935
434,3.0,4.0,2011,1095.1291390728477
435,3.0,4.0,2012,1122.4041095890411
436,3.0,4.0,2013,1133.88
437,3.0,4.0,2014,1143.070938215103
438,3.0,4.0,2015,1124.4492307692308
439,3.0,4.0,2016,1097.121739130435
440,3.0,4.0,2017,1086.8260869565217
441,3.0,4.0,2018,994.7777777777778
442,3.0,4.0,2019,1118.9795918367347
443,3.0,4.0,2020,1071.8843537414966
444,3.0,4.0,2021,1043.099290780142
445,3.0,4.0,2022,1017.8360655737705
446,3.0,4.0,2023,1056.7083333333333
447,3.0,4.0,2000,973.0
448,3.0,4.0,2001,973.8241758241758
449,3.0,4.0,2002,1112.8936170212767
450,3.0,4.0,2003,991.7670641447369
451,3.0,4.0,2004,1007.9868978028624
452,3.0,4.0,2005,1018.4140587385652
453,3.0,4.0,2006,1015.1990009549695
454,3.0,4.0,2007,1028.4811613934353
455,3.0,4.0,2008,1007.892183088126
456,3.0,4.0,2009,1009.6420886777124
457,3.0,4.0,2010,1006.5328201307839
458,3.0,4.0,2011,1009.8392519833774
459,3.0,4.0,2012,1017.2041480276536
460,3.0,4.0,2013,1021.6848157709458
461,3.0,4.0,2014,1028.728170083523
462,3.0,4.0,2015,1030.979020979021
463,3.0,4.0,2016,1036.4261239368166
464,3.0,4.0,2017,1040.9900805951643
465,3.0,4.0,2018,1038.007345379756
466,3.0,4.0,2019,1038.1377276669557
467,3.0,4.0,2020,1033.0548319327731
468,3.0,4.0,2021,1039.3414193548388
469,3.0,4.0,2022,1037.0347666971638
470,3.0,4.0,2023,1048.2162849872773
471,3.0,5.0,2009,1013.1715445154944
472,3.0,5.0,2010,1076.8422005170928
473,3.0,5.0,2011,1055.0186041975924
474,3.0,5.0,2012,1038.5882727394066
475,3.0,5.0,2013,1018.8607332734931
476,3.0,5.0,2014,1017.0073073703811
477,3.0,5.0,2015,1002.444661649236
478,3.0,5.0,2016,1028.216752201736
479,3.0,5.0,2017,1048.669658267173
480,3.0,5.0,2018,1050.5066758975374
481,3.0,5.0,2019,1047.3590474251985
482,3.0,5.0,2020,1050.76051625239
483,3.0,5.0,2021,1057.6992161037454
484,3.0,5.0,2022,1057.8084075636818
485,3.0,5.0,2023,1059.3120452708165
486,3.0,6.0,2013,999.0
487,3.0,6.0,2014,1233.269922212619
488,3.0,6.0,2015,1088.2248937677055
489,3.0,6.0,2016,1053.1926469828477
490,3.0,6.0,2017,1054.0152709493414
491,3.0,6.0,2018,1052.7689799637328
492,3.0,6.0,2019,1070.9948359950272
493,3.0,6.0,2020,1108.693510446935
494,3.0,6.0,2021,1127.6933700511352
495,3.0,6.0,2022,1140.6671061850723
496,3.0,6.0,2023,1140.7315248335412
497,3.0,7.0,2015,1499.0
498,3.0,7.0,2016,1499.0
499,3.0,7.0,2017,1136.626213592233
500,3.0,7.0,2018,1312.9142857142858
501,3.0,7.0,2019,1356.461971830986
502,4.0,0.0,1950,570.0
503,4.0,0.0,1951,1084.7142857142858
504,4.0,0.0,1952,2122.4444444444443
505,4.0,0.0,1953,1424.3157894736842
506,4.0,0.0,1954,1470.7666666666667
507,4.0,0.0,1955,1265.3461538461538
508,4.0,0.0,1956,1717.225
509,4.0,0.0,1957,1567.2941176470588
510,4.0,0.0,1958,1253.8095238095239
511,4.0,0.0,1959,1733.5
512,4.0,0.0,1960,1490.448275862069
513,4.0,0.0,1961,1602.3636363636363
514,4.0,0.0,1962,1583.1136363636363
515,4.0,0.0,1963,1531.341463414634
516,4.0,0.0,1964,1538.327868852459
517,4.0,0.0,1965,1571.1898734177216
518,4.0,0.0,1966,1501.7173913043478
519,4.0,0.0,1967,1626.6979166666667
520,4.0,0.0,1968,1473.86
521,4.0,0.0,1969,1494.0424242424242
522,4.0,0.0,1970,1502.8198757763976
523,4.0,0.0,1971,1599.555
524,4.0,0.0,1972,1550.8347107438017
525,4.0,0.0,1973,1529.045112781955
526,4.0,0.0,1974,1642.3660714285713
527,4.0,0.0,1975,1786.0330188679245
528,4.0,0.0,1976,1773.6178343949045
529,4.0,0.0,1977,1856.6989795918366
530,4.0,0.0,1978,1905.3636363636363
531,4.0,0.0,1979,1865.889344262295
532,4.0,0.0,1980,1894.0740740740741
533,4.0,0.0,1981,1837.157894736842
534,4.0,0.0,1982,1821.3658536585365
535,4.0,0.0,1983,1610.1237677984666
536,4.0,0.0,1984,1581.7454100367197
537,4.0,0.0,1985,1575.6233450418806
538,4.0,0.0,1986,1584.785925378648
539,4.0,0.0,1987,1602.3986170809194
540,4.0,0.0,1988,1617.26425394258
541,4.0,0.0,1989,1632.264058234759
542,4.0,0.0,1990,1655.664858525143
543,4.0,0.0,1991,1655.735886844411
544,4.0,0.0,1992,1697.255311148712
545,4.0,0.0,1993,1858.1461538461538
546,4.0,0.0,1994,1820.6048537647791
547,4.0,0.0,1995,1820.4599322799097
548,4.0,0.0,1996,1816.102030192608
549,4.0,0.0,1997,1814.8328884143086
550,4.0,0.0,1998,1802.4126126126125
551,4.0,0.0,1999,1788.9356936416184
552,4.0,0.0,2000,1793.4290429042903
553,4.0,0.0,2001,1838.8082051282051
554,4.0,0.0,2002,1862.88322147651
555,4.0,0.0,2003,1913.251724137931
556,4.0,0.0,2004,1813.8979187314173
557,4.0,0.0,2005,1838.6506364922207
558,4.0,0.0,2006,1824.7060669456066
559,4.0,0.0,2007,1846.4239323843417
560,4.0,0.0,2008,1860.738301559792
561,4.0,0.0,2009,1919.5428039702233
562,4.0,0.0,2010,1958.3754972155928
563,4.0,0.0,2011,1941.8675966715614
564,4.0,0.0,2012,1930.3922818791946
565,4.0,0.0,2013,1867.994256999282
566,4.0,0.0,2014,1803.252245508982
567,4.0,0.0,2015,1791.5065597667638
568,4.0,0.0,2016,1756.4452449567723
569,4.0,0.0,2017,1782.529207232267
570,4.0,0.0,2018,1749.137106918239
571,4.0,0.0,2019,1778.8924669350201
572,4.0,0.0,2020,1759.9810426540284
573,4.0,0.0,2021,1807.2594458438286
574,4.0,0.0,2022,1761.1960104076322
575,4.0,0.0,2023,1763.406976744186
576,4.0,1.0,1990,1163.0
577,4.0,1.0,1991,998.0
578,4.0,1.0,1992,1685.745137880987
579,4.0,1.0,1993,1660.6331383519837
580,4.0,1.0,1994,1597.4976992261034
581,4.0,1.0,1995,1600.8356705013016
582,4.0,1.0,1996,1746.0863636363636
583,4.0,1.0,1997,1794.9476439790576
584,4.0,1.0,1998,1718.3880597014925
585,4.0,1.0,1999,1757.5307262569831
586,4.0,1.0,2000,1782.1305595408896
587,4.0,1.0,2001,1783.172
588,4.0,1.0,2002,1793.0650793650793
589,4.0,1.0,2003,1812.9551282051282
590,4.0,1.0,2004,1807.0663716814158
591,4.0,1.0,2005,1804.1271676300578
592,4.0,1.0,2006,1819.9228395061727
593,4.0,1.0,2007,1844.1737588652481
594,4.0,1.0,2008,1941.6939655172414
595,4.0,1.0,2009,2050.791044776119
596,4.0,1.0,2010,2073.71320754717
597,4.0,1.0,2011,2082.4333333333334
598,4.0,1.0,2012,2099.013043478261
599,4.0,1.0,2013,2040.1485714285714
600,4.0,1.0,2014,2230.456043956044
601,4.0,1.0,2015,2076.193370165746
602,4.0,1.0,2016,2071.3403141361255
603,4.0,1.0,2017,2025.9384615384615
604,4.0,1.0,2018,2067.3705583756346
605,4.0,1.0,2019,2025.9848484848485
606,4.0,1.0,2020,1959.8634146341462
607,4.0,1.0,2021,1898.551867219917
608,4.0,1.0,2022,1848.9922480620155
609,4.0,1.0,2023,1782.8367346938776
610,4.0,2.0,1993,1797.0
611,4.0,2.0,1994,1512.4285714285713
612,4.0,2.0,1995,1823.625
613,4.0,2.0,1996,1587.9663865546217
614,4.0,2.0,1997,1593.176652814507
615,4.0,2.0,1998,1531.0957100591716
616,4.0,2.0,1999,1499.8895544739798
617,4.0,2.0,2000,1511.8421160549517
618,4.0,2.0,2001,1612.6095505617977
619,4.0,2.0,2002,1774.8319218241043
620,4.0,2.0,2003,1754.1846846846847
621,4.0,2.0,2004,1738.9825620389001
622,4.0,2.0,2005,1775.019152640743
623,4.0,2.0,2006,1757.5304606240713
624,4.0,2.0,2007,1790.305641936917
625,4.0,2.0,2008,1796.4044198895028
626,4.0,2.0,2009,1847.3500619578685
627,4.0,2.0,2010,1854.2801302931596
628,4.0,2.0,2011,1927.1811023622047
629,4.0,2.0,2012,1929.1804511278197
630,4.0,2.0,2013,1924.1575562700964
631,4.0,2.0,2014,1851.4479889042996
632,4.0,2.0,2015,1839.0720390720392
633,4.0,2.0,2016,1882.1048387096773
634,4.0,2.0,2017,1913.1648793565685
635,4.0,2.0,2018,1887.7444751381215
636,4.0,2.0,2019,1887.9251700680272
637,4.0,2.0,2020,1884.608695652174
638,4.0,2.0,2021,1856.564053537285
639,4.0,2.0,2022,1873.9274376417234
640,4.0,2.0,2023,1843.3440860215053
641,4.0,4.0,1989,2495.0
642,4.0,4.0,1991,1781.0
643,4.0,4.0,1999,1873.3181818181818
644,4.0,4.0,2000,1471.2735074019847
645,4.0,4.0,2001,1505.0194876033058
646,4.0,4.0,2002,1506.2168354640544
647,4.0,4.0,2003,1551.0554259183525
648,4.0,4.0,2004,1533.6533747139408
649,4.0,4.0,2005,1503.2616510481405
650,4.0,4.0,2006,1573.5000934288385
651,4.0,4.0,2007,1710.2889485158478
652,4.0,4.0,2008,1821.1678492239469
653,4.0,4.0,2009,1804.6404286008653
654,4.0,4.0,2010,1770.2952434039391
655,4.0,4.0,2011,1782.2151898734178
656,4.0,4.0,2012,1795.7022471910113
657,4.0,4.0,2013,1735.9772431729518
658,4.0,4.0,2014,1641.8594116115594
659,4.0,4.0,2015,1653.816027689031
660,4.0,4.0,2016,1747.7965494791667
661,4.0,4.0,2017,1824.2394314868804
662,4.0,4.0,2018,1884.3520668834185
663,4.0,4.0,2019,1876.1203751954142
664,4.0,4.0,2020,1784.879421221865
665,4.0,4.0,2021,1825.162147505423
666,4.0,4.0,2022,1899.3233532934132
667,4.0,4.0,2023,1840.04
668,4.0,4.0,1999,1984.0
669,4.0,4.0,2000,1458.9773897751538
670,4.0,4.0,2001,1483.6085999072786
671,4.0,4.0,2002,1503.178788227746
672,4.0,4.0,2003,1513.2777265155964
673,4.0,4.0,2004,1535.4833069417712
674,4.0,4.0,2005,1580.393519036954
675,4.0,4.0,2006,1566.8993493795997
676,4.0,4.0,2007,1574.391158297177
677,4.0,4.0,2008,1547.136717239165
678,4.0,4.0,2009,1535.7006955136715
679,4.0,4.0,2010,1480.2068028681028
680,4.0,4.0,2011,1696.9050626988583
681,4.0,4.0,2012,1739.4704676728154
682,4.0,4.0,2013,1636.8281529363223
683,4.0,4.0,2014,1581.3345327336333
684,4.0,4.0,2015,1564.0815889436676
685,4.0,4.0,2016,1547.2972119936876
686,4.0,4.0,2017,1551.9459487606748
687,4.0,4.0,2018,1572.403950033761
688,4.0,4.0,2019,1586.772312835579
689,4.0,4.0,2020,1595.3419411177645
690,4.0,4.0,2021,1621.1002896207988
691,4.0,4.0,2022,1648.6212137544464
692,4.0,4.0,2023,1645.3541430192963
693,4.0,5.0,2000,1834.0
694,4.0,5.0,2002,1197.0
695,4.0,5.0,2004,2290.0
696,4.0,5.0,2006,2148.0
697,4.0,5.0,2007,2092.0
698,4.0,5.0,2008,1783.992998833139
699,4.0,5.0,2009,1580.894280762565
700,4.0,5.0,2010,1514.1904513554268
701,4.0,5.0,2011,1453.5660746910853
702,4.0,5.0,2012,1481.8056187338364
703,4.0,5.0,2013,1533.4032341456448
704,4.0,5.0,2014,1525.61262574371
705,4.0,5.0,2015,1527.639707423629
706,4.0,5.0,2016,1585.7525008267196
707,4.0,5.0,2017,1591.915599511407
708,4.0,5.0,2018,1579.3175570941407
709,4.0,5.0,2019,1556.7626797458477
710,4.0,5.0,2020,1537.3217888210254
711,4.0,5.0,2021,1548.8597812485516
712,4.0,5.0,2022,1568.4461400694004
713,4.0,5.0,2023,1545.2255813953489
714,4.0,6.0,1969,1108.0
715,4.0,6.0,1979,1962.0
716,4.0,6.0,2007,2148.0
717,4.0,6.0,2010,1968.0
718,4.0,6.0,2011,2018.0
719,4.0,6.0,2012,1629.5325865580448
720,4.0,6.0,2013,1656.6596782302665
721,4.0,6.0,2014,1636.3232904467632
722,4.0,6.0,2015,1595.1360394333574
723,4.0,6.0,2016,1571.469306083893
724,4.0,6.0,2017,1585.1358854591863
725,4.0,6.0,2018,1615.841500260462
726,4.0,6.0,2019,1634.6058352763248
727,4.0,6.0,2020,1661.915441271616
728,4.0,6.0,2021,1692.0596760708695
729,4.0,6.0,2022,1697.0395859457599
730,4.0,6.0,2023,1702.3101211444282
731,4.0,7.0,2004,1497.0
732,4.0,7.0,2005,1497.0
733,4.0,7.0,2006,1497.0
734,4.0,7.0,2008,1497.0
735,4.0,7.0,2009,1391.6666666666667
736,4.0,7.0,2011,1798.0
737,4.0,7.0,2012,1798.0
738,4.0,7.0,2013,1938.857142857143
739,4.0,7.0,2014,1788.5
740,4.0,7.0,2015,1719.0824759751272
741,4.0,7.0,2016,1708.0779200819672
742,4.0,7.0,2017,1684.0221030747346
743,4.0,7.0,2018,1728.0942870413376
744,4.0,7.0,2019,1843.979608453995
745,4.0,7.0,2020,1712.7689873417721
746,5.0,0.0,1967,2319.0
747,5.0,0.0,1969,2799.5
748,5.0,0.0,1971,2833.3333333333335
749,5.0,0.0,1972,2747.5
750,5.0,0.0,1973,2797.0
751,5.0,0.0,1974,2999.285714285714
752,5.0,0.0,1975,3005.0
753,5.0,0.0,1976,2286.0
754,5.0,0.0,1977,2851.181818181818
755,5.0,0.0,1978,2830.2727272727275
756,5.0,0.0,1979,2807.0
757,5.0,0.0,1980,2896.5833333333335
758,5.0,0.0,1981,2679.75
759,5.0,0.0,1982,2766.875
760,5.0,0.0,1983,2400.086956521739
761,5.0,0.0,1984,2424.5757575757575
762,5.0,0.0,1985,2279.9758064516127
763,5.0,0.0,1986,2288.5380116959063
764,5.0,0.0,1987,2340.6992481203006
765,5.0,0.0,1988,2367.4245283018868
766,5.0,0.0,1989,2360.2719298245615
767,5.0,0.0,1990,2340.622950819672
768,5.0,0.0,1991,2380.632258064516
769,5.0,0.0,1992,2383.2123552123553
770,5.0,0.0,1993,2225.4285714285716
771,5.0,0.0,1994,2241.603773584906
772,5.0,0.0,1995,2297.3650793650795
773,5.0,0.0,1996,2379.521126760563
774,5.0,0.0,1997,2346.837837837838
775,5.0,0.0,1998,2384.813186813187
776,5.0,0.0,1999,2358.8655462184875
777,5.0,0.0,2000,2392.3522727272725
778,5.0,0.0,2001,2395.866666666667
779,5.0,0.0,2002,2372.475
780,5.0,0.0,2003,2433.846153846154
781,5.0,0.0,2004,2615.6721311475408
782,5.0,0.0,2005,2839.809090909091
783,5.0,0.0,2006,2761.1739130434785
784,5.0,0.0,2007,2778.28384279476
785,5.0,0.0,2008,2647.683035714286
786,5.0,0.0,2009,2600.1875
787,5.0,0.0,2010,2622.990291262136
788,5.0,0.0,2011,2577.1659292035397
789,5.0,0.0,2012,2562.1003344481605
790,5.0,0.0,2013,2544.7319587628867
791,5.0,0.0,2014,2520.288888888889
792,5.0,0.0,2015,2416.0714285714284
793,5.0,0.0,2016,2556.5
794,5.0,0.0,2017,2845.4883720930234
795,5.0,0.0,2018,2612.4848484848485
796,5.0,0.0,2019,2844.8285714285716
797,5.0,0.0,2020,2731.818181818182
798,5.0,0.0,2021,2693.597222222222
799,5.0,0.0,2022,2669.9886363636365
800,5.0,0.0,2023,2770.3333333333335
801,5.0,1.0,1992,2398.2608695652175
802,5.0,1.0,1993,2401.0072202166066
803,5.0,1.0,1994,2392.5760456273765
804,5.0,1.0,1995,2349.134020618557
805,5.0,1.0,1996,2373.6875
806,5.0,1.0,1997,2393.6666666666665
807,5.0,1.0,1998,2348.767441860465
808,5.0,1.0,1999,2365.8
809,5.0,1.0,2000,2319.364864864865
810,5.0,1.0,2001,2337.858974358974
811,5.0,1.0,2002,2327.134328358209
812,5.0,1.0,2003,2283.741176470588
813,5.0,1.0,2004,2277.980198019802
814,5.0,1.0,2005,2292.5285714285715
815,5.0,1.0,2006,2259.3829787234044
816,5.0,1.0,2007,2306.5393258426966
817,5.0,1.0,2008,2334.294117647059
818,5.0,1.0,2009,2361.176470588235
819,5.0,1.0,2010,2346.578431372549
820,5.0,1.0,2011,2370.361904761905
821,5.0,1.0,2012,2395.0882352941176
822,5.0,1.0,2013,2393.1639344262294
823,5.0,1.0,2014,2385.7301587301586
824,5.0,1.0,2015,2401.3023255813955
825,5.0,1.0,2016,2369.225
826,5.0,1.0,2017,2384.2368421052633
827,5.0,1.0,2018,2376.051282051282
828,5.0,1.0,2019,2382.0
829,5.0,1.0,2020,2355.575
830,5.0,1.0,2021,2417.1
831,5.0,1.0,2022,2463.4117647058824
832,5.0,1.0,2023,2605.4444444444443
833,5.0,2.0,1995,2370.0
834,5.0,2.0,1996,2388.7821276595746
835,5.0,2.0,1997,2416.1290944123316
836,5.0,2.0,1998,2421.916850950907
837,5.0,2.0,1999,2422.2937241159607
838,5.0,2.0,2000,2379.880583409298
839,5.0,2.0,2001,2462.257053291536
840,5.0,2.0,2002,2453.0697674418607
841,5.0,2.0,2003,2395.299212598425
842,5.0,2.0,2004,2396.1485714285714
843,5.0,2.0,2005,2390.2555555555555
844,5.0,2.0,2006,2394.234146341463
845,5.0,2.0,2007,2399.7806691449814
846,5.0,2.0,2008,2398.1176470588234
847,5.0,2.0,2009,2432.5555555555557
848,5.0,2.0,2010,2462.4072398190046
849,5.0,2.0,2011,2464.19375
850,5.0,2.0,2012,2446.8963414634145
851,5.0,2.0,2013,2462.6145833333335
852,5.0,2.0,2014,2439.295918367347
853,5.0,2.0,2015,2444.2440476190477
854,5.0,2.0,2016,2439.548387096774
855,5.0,2.0,2017,2430.879781420765
856,5.0,2.0,2018,2424.8355263157896
857,5.0,2.0,2019,2412.944
858,5.0,2.0,2020,2390.1530612244896
859,5.0,2.0,2021,2449.246753246753
860,5.0,2.0,2022,2444.5789473684213
861,5.0,2.0,2023,2507.9
862,5.0,4.0,1999,2435.0
863,5.0,4.0,2000,2430.3573751108484
864,5.0,4.0,2001,2431.831980818886
865,5.0,4.0,2002,2442.3850777934936
866,5.0,4.0,2003,2458.002578648788
867,5.0,4.0,2004,2433.4139194139193
868,5.0,4.0,2005,2440.9759839893263
869,5.0,4.0,2006,2455.666978484565
870,5.0,4.0,2007,2425.326241134752
871,5.0,4.0,2008,2434.2496878901375
872,5.0,4.0,2009,2430.8693693693695
873,5.0,4.0,2010,2441.4561717352417
874,5.0,4.0,2011,2432.805491990847
875,5.0,4.0,2012,2444.27972027972
876,5.0,4.0,2013,2456.1033333333335
877,5.0,4.0,2014,2475.8745980707395
878,5.0,4.0,2015,2446.5146341463415
879,5.0,4.0,2016,2444.1350364963505
880,5.0,4.0,2017,2441.64263322884
881,5.0,4.0,2018,2442.0637037037036
882,5.0,4.0,2019,2439.8642201834864
883,5.0,4.0,2020,2431.5825242718447
884,5.0,4.0,2021,2448.4323308270677
885,5.0,4.0,2022,2474.2017543859647
886,5.0,4.0,2023,2381.2571428571428
887,5.0,4.0,2000,2324.0
888,5.0,4.0,2001,2325.03007518797
889,5.0,4.0,2002,2417.5521023765996
890,5.0,4.0,2003,2445.358516866462
891,5.0,4.0,2004,2455.1080236193125
892,5.0,4.0,2005,2447.519674580774
893,5.0,4.0,2006,2432.5691542288555
894,5.0,4.0,2007,2440.421723300971
895,5.0,4.0,2008,2456.8997647058823
896,5.0,4.0,2009,2442.5197640117995
897,5.0,4.0,2010,2440.0280401416767
898,5.0,4.0,2011,2449.9880715705767
899,5.0,4.0,2012,2443.771954674221
900,5.0,4.0,2013,2448.5007072135786
901,5.0,4.0,2014,2449.102523659306
902,5.0,4.0,2015,2451.7622549019607
903,5.0,4.0,2016,2448.4
904,5.0,4.0,2017,2451.5392156862745
905,5.0,4.0,2018,2469.0089619118744
906,5.0,4.0,2019,2484.667839549613
907,5.0,4.0,2020,2484.4
908,5.0,4.0,2021,2492.6979919678715
909,5.0,4.0,2022,2483.0803474484255
910,5.0,4.0,2023,2494.0523255813955
911,5.0,5.0,2008,2461.0
912,5.0,5.0,2009,2465.7125
913,5.0,5.0,2010,2218.158851674641
914,5.0,5.0,2011,2148.2012731130644
915,5.0,5.0,2012,2121.599829351536
916,5.0,5.0,2013,2286.9280164896145
917,5.0,5.0,2014,2327.6114249843063
918,5.0,5.0,2015,2263.978349120433
919,5.0,5.0,2016,2160.2081043956046
920,5.0,5.0,2017,2144.7626062322947
921,5.0,5.0,2018,2146.4062078272605
922,5.0,5.0,2019,2178.341346153846
923,5.0,5.0,2020,2251.6716791979948
924,5.0,5.0,2021,2316.7008797653957
925,5.0,5.0,2022,2341.634259259259
926,5.0,5.0,2023,2337.3658536585367
927,5.0,6.0,2011,2461.0
928,5.0,6.0,2014,2400.0
929,5.0,6.0,2015,2401.231519507187
930,5.0,6.0,2016,2403.9015748031497
931,5.0,6.0,2017,2411.462085308057
932,5.0,6.0,2018,2419.0845771144277
933,5.0,6.0,2019,2437.3269961977185
934,5.0,6.0,2020,2443.0921501706484
935,5.0,6.0,2021,2455.371900826446
936,5.0,6.0,2022,2465.74931880109
937,5.0,6.0,2023,2478.348484848485
938,5.0,7.0,2018,2400.0
939,6.0,0.0,1951,3550.0
940,6.0,0.0,1952,5379.6
941,6.0,0.0,1953,2363.4285714285716
942,6.0,0.0,1954,3061.0
943,6.0,0.0,1955,3158.0
944,6.0,0.0,1956,3353.4347826086955
945,6.0,0.0,1957,2918.285714285714
946,6.0,0.0,1958,2617.75
947,6.0,0.0,1959,2978.0
948,6.0,0.0,1960,3067.75
949,6.0,0.0,1961,3238.5
950,6.0,0.0,1962,3071.0
951,6.0,0.0,1963,2757.5
952,6.0,0.0,1964,3144.4545454545455
953,6.0,0.0,1965,3090.75
954,6.0,0.0,1966,2836.1428571428573
955,6.0,0.0,1967,2794.4666666666667
956,6.0,0.0,1968,2660.1739130434785
957,6.0,0.0,1969,2733.409090909091
958,6.0,0.0,1970,2752.36
959,6.0,0.0,1971,2678.2272727272725
960,6.0,0.0,1972,2757.8518518518517
961,6.0,0.0,1973,2965.214285714286
962,6.0,0.0,1974,3049.1428571428573
963,6.0,0.0,1975,2900.6326530612246
964,6.0,0.0,1976,3058.0
965,6.0,0.0,1977,3266.3424657534247
966,6.0,0.0,1978,3146.445945945946
967,6.0,0.0,1979,3173.2738095238096
968,6.0,0.0,1980,3929.1315789473683
969,6.0,0.0,1981,3721.2988505747126
970,6.0,0.0,1982,3342.4691358024693
971,6.0,0.0,1983,3270.1674641148325
972,6.0,0.0,1984,2962.698675496689
973,6.0,0.0,1985,2974.516
974,6.0,0.0,1986,2789.9683840749412
975,6.0,0.0,1987,2772.450323974082
976,6.0,0.0,1988,2755.1803680981593
977,6.0,0.0,1989,2757.027918781726
978,6.0,0.0,1990,2829.445945945946
979,6.0,0.0,1991,2915.9100623330364
980,6.0,0.0,1992,2954.7186761229314
981,6.0,0.0,1993,2990.662870159453
982,6.0,0.0,1994,2899.21236133122
983,6.0,0.0,1995,2871.8089552238807
984,6.0,0.0,1996,2907.403947368421
985,6.0,0.0,1997,2980.32729468599
986,6.0,0.0,1998,3014.7531206657422
987,6.0,0.0,1999,2988.8893528183717
988,6.0,0.0,2000,3012.8265582655827
989,6.0,0.0,2001,3046.732673267327
990,6.0,0.0,2002,2999.7519083969464
991,6.0,0.0,2003,2937.228855721393
992,6.0,0.0,2004,3011.4444444444443
993,6.0,0.0,2005,2931.59726443769
994,6.0,0.0,2006,2978.7248858447488
995,6.0,0.0,2007,2992.426817752597
996,6.0,0.0,2008,2957.7299212598427
997,6.0,0.0,2009,2886.208832335329
998,6.0,0.0,2010,2932.1840148698884
999,6.0,0.0,2011,2951.932617769827
1000,6.0,0.0,2012,2977.135356849877
1001,6.0,0.0,2013,3031.0789889415482
1002,6.0,0.0,2014,2998.243761996161
1003,6.0,0.0,2015,3070.8582375478927
1004,6.0,0.0,2016,3057.273631840796
1005,6.0,0.0,2017,3098.573152337858
1006,6.0,0.0,2018,3107.6643835616437
1007,6.0,0.0,2019,3147.747225647349
1008,6.0,0.0,2020,3042.0026490066225
1009,6.0,0.0,2021,3053.3553971486763
1010,6.0,0.0,2022,3075.948577680525
1011,6.0,0.0,2023,2983.139037433155
1012,6.0,1.0,1992,2925.1175213675215
1013,6.0,1.0,1993,2880.7624190064794
1014,6.0,1.0,1994,2874.010743801653
1015,6.0,1.0,1995,2908.506511309116
1016,6.0,1.0,1996,3162.237288135593
1017,6.0,1.0,1997,3049.0089285714284
1018,6.0,1.0,1998,3051.319018404908
1019,6.0,1.0,1999,2970.9756097560976
1020,6.0,1.0,2000,2864.484375
1021,6.0,1.0,2001,2887.0750670241287
1022,6.0,1.0,2002,2926.0457746478874
1023,6.0,1.0,2003,2983.6239316239316
1024,6.0,1.0,2004,3043.157894736842
1025,6.0,1.0,2005,3049.557046979866
1026,6.0,1.0,2006,3008.3464566929133
1027,6.0,1.0,2007,3023.6067415730336
1028,6.0,1.0,2008,3056.6142131979695
1029,6.0,1.0,2009,3042.0
1030,6.0,1.0,2010,3053.2396313364056
1031,6.0,1.0,2011,3072.3072916666665
1032,6.0,1.0,2012,2979.5546875
1033,6.0,1.0,2013,3034.6588235294116
1034,6.0,1.0,2014,3054.3516483516482
1035,6.0,1.0,2015,3141.936936936937
1036,6.0,1.0,2016,3113.02752293578
1037,6.0,1.0,2017,3215.8703703703704
1038,6.0,1.0,2018,3226.655172413793
1039,6.0,1.0,2019,3316.709401709402
1040,6.0,1.0,2020,3278.457142857143
1041,6.0,1.0,2021,3037.7413793103447
1042,6.0,1.0,2022,3110.470588235294
1043,6.0,1.0,2023,3327.6666666666665
1044,6.0,2.0,1994,2494.0
1045,6.0,2.0,1995,2609.625
1046,6.0,2.0,1996,2932.314585319352
1047,6.0,2.0,1997,2920.1069587628867
1048,6.0,2.0,1998,2758.267039674466
1049,6.0,2.0,1999,2728.590689821515
1050,6.0,2.0,2000,2909.051043053706
1051,6.0,2.0,2001,3001.9293333333335
1052,6.0,2.0,2002,2923.220113851992
1053,6.0,2.0,2003,2928.3992673992675
1054,6.0,2.0,2004,2896.036809815951
1055,6.0,2.0,2005,2897.7528957528957
1056,6.0,2.0,2006,2942.639431616341
1057,6.0,2.0,2007,2937.9812138728325
1058,6.0,2.0,2008,2887.3498349834986
1059,6.0,2.0,2009,2888.271186440678
1060,6.0,2.0,2010,2875.6174496644294
1061,6.0,2.0,2011,2923.258160237389
1062,6.0,2.0,2012,2885.125
1063,6.0,2.0,2013,2911.6511627906975
1064,6.0,2.0,2014,2881.8356164383563
1065,6.0,2.0,2015,2911.565789473684
1066,6.0,2.0,2016,2979.277777777778
1067,6.0,2.0,2017,2975.544794188862
1068,6.0,2.0,2018,2994.875930521092
1069,6.0,2.0,2019,3013.9579831932774
1070,6.0,2.0,2020,2970.8727272727274
1071,6.0,2.0,2021,3114.452961672474
1072,6.0,2.0,2022,3019.780082987552
1073,6.0,2.0,2023,2764.340909090909
1074,6.0,4.0,1999,2583.0
1075,6.0,4.0,2000,2583.475679542203
1076,6.0,4.0,2001,2756.839924670433
1077,6.0,4.0,2002,2852.8215552523875
1078,6.0,4.0,2003,2958.260647870426
1079,6.0,4.0,2004,2989.06717512467
1080,6.0,4.0,2005,3054.9158286778397
1081,6.0,4.0,2006,3077.0473263675476
1082,6.0,4.0,2007,3018.0322019147084
1083,6.0,4.0,2008,3001.2132132132133
1084,6.0,4.0,2009,2965.652688172043
1085,6.0,4.0,2010,2928.2451456310678
1086,6.0,4.0,2011,2942.2894280762566
1087,6.0,4.0,2012,2965.3815165876777
1088,6.0,4.0,2013,2915.7366771159873
1089,6.0,4.0,2014,2945.05604719764
1090,6.0,4.0,2015,2928.2028688524592
1091,6.0,4.0,2016,2928.283950617284
1092,6.0,4.0,2017,2938.079120879121
1093,6.0,4.0,2018,2980.299369747899
1094,6.0,4.0,2019,3020.7647679324896
1095,6.0,4.0,2020,2969.811697574893
1096,6.0,4.0,2021,2978.399375975039
1097,6.0,4.0,2022,3081.570552147239
1098,6.0,4.0,2023,3002.106796116505
1099,6.0,4.0,1996,2792.0
1100,6.0,4.0,2000,2625.470588235294
1101,6.0,4.0,2001,2717.8563535911603
1102,6.0,4.0,2002,2665.9572039942936
1103,6.0,4.0,2003,2737.9906256368454
1104,6.0,4.0,2004,2756.905173820793
1105,6.0,4.0,2005,2846.216748194736
1106,6.0,4.0,2006,2910.5938648209863
1107,6.0,4.0,2007,2993.0582622187744
1108,6.0,4.0,2008,3040.60736196319
1109,6.0,4.0,2009,3060.8536442293594
1110,6.0,4.0,2010,3078.71198568873
1111,6.0,4.0,2011,3063.9104777197913
1112,6.0,4.0,2012,3063.565796779567
1113,6.0,4.0,2013,3066.770819883796
1114,6.0,4.0,2014,3047.227972027972
1115,6.0,4.0,2015,3008.8635187580853
1116,6.0,4.0,2016,2979.99831555306
1117,6.0,4.0,2017,2986.94964028777
1118,6.0,4.0,2018,2989.555647496897
1119,6.0,4.0,2019,2978.707106399686
1120,6.0,4.0,2020,2993.8841201716737
1121,6.0,4.0,2021,3023.176853526221
1122,6.0,4.0,2022,3077.120386643234
1123,6.0,4.0,2023,3045.458904109589
1124,6.0,5.0,2008,3124.9024390243903
1125,6.0,5.0,2009,3043.162624035281
1126,6.0,5.0,2010,3053.591637195756
1127,6.0,5.0,2011,3049.5927538267097
1128,6.0,5.0,2012,3085.457250286088
1129,6.0,5.0,2013,3103.0266642481406
1130,6.0,5.0,2014,3085.9570768214835
1131,6.0,5.0,2015,3094.3043355855857
1132,6.0,5.0,2016,3091.1136923618446
1133,6.0,5.0,2017,3086.051349572087
1134,6.0,5.0,2018,3089.514904187367
1135,6.0,5.0,2019,3087.041141897565
1136,6.0,5.0,2020,3108.1076555023924
1137,6.0,5.0,2021,3120.3732276897413
1138,6.0,5.0,2022,3143.373803827751
1139,6.0,5.0,2023,3164.9850299401196
1140,6.0,6.0,1968,2458.0
1141,6.0,6.0,2009,2987.8
1142,6.0,6.0,2010,2973.6060606060605
1143,6.0,6.0,2011,2985.678899082569
1144,6.0,6.0,2012,2986.91884057971
1145,6.0,6.0,2013,3029.1944444444443
1146,6.0,6.0,2014,3067.8022988505745
1147,6.0,6.0,2015,3067.847919010124
1148,6.0,6.0,2016,3042.3072231751476
1149,6.0,6.0,2017,3022.3835741246908
1150,6.0,6.0,2018,3030.674887360683
1151,6.0,6.0,2019,3019.106057142857
1152,6.0,6.0,2020,3029.685198054204
1153,6.0,6.0,2021,3029.597816399287
1154,6.0,6.0,2022,3041.164011902678
1155,6.0,6.0,2023,3033.362114872575
1156,6.0,7.0,2013,2995.0
1157,6.0,7.0,2014,2995.0
1158,6.0,7.0,2015,3001.3110151187907
1159,6.0,7.0,2016,3025.8271604938273
1160,6.0,7.0,2017,3138.89552238806
1161,6.0,7.0,2018,3031.4801061007956
1162,6.0,7.0,2019,3043.292730844794
1163,6.0,7.0,2020,2967.0
1164,7.0,0.0,2009,1997.0
1165,7.0,0.0,2020,1990.0
1166,7.0,4.0,2008,1895.0
1167,8.0,0.0,1952,3673.3333333333335
1168,8.0,0.0,1954,4265.75
1169,8.0,0.0,1955,4892.5
1170,8.0,0.0,1956,3759.75
1171,8.0,0.0,1957,5237.666666666667
1172,8.0,0.0,1959,5400.0
1173,8.0,0.0,1960,4261.0
1174,8.0,0.0,1961,6767.0
1175,8.0,0.0,1962,5000.0
1176,8.0,0.0,1963,5316.0
1177,8.0,0.0,1964,4392.5
1178,8.0,0.0,1965,5602.0
1179,8.0,0.0,1966,5364.0
1180,8.0,0.0,1967,4753.375
1181,8.0,0.0,1968,5304.9
1182,8.0,0.0,1969,5547.7
1183,8.0,0.0,1970,5602.777777777777
1184,8.0,0.0,1971,4405.2
1185,8.0,0.0,1972,5111.461538461538
1186,8.0,0.0,1973,4966.2
1187,8.0,0.0,1974,5209.470588235294
1188,8.0,0.0,1975,5110.142857142857
1189,8.0,0.0,1976,5120.575757575758
1190,8.0,0.0,1977,5592.173913043478
1191,8.0,0.0,1978,5349.692307692308
1192,8.0,0.0,1979,5237.414141414141
1193,8.0,0.0,1980,5184.855555555556
1194,8.0,0.0,1981,5040.6
1195,8.0,0.0,1982,4826.648648648648
1196,8.0,0.0,1983,4752.660714285715
1197,8.0,0.0,1984,4093.1
1198,8.0,0.0,1985,3832.484375
1199,8.0,0.0,1986,4360.08904109589
1200,8.0,0.0,1987,4733.624390243903
1201,8.0,0.0,1988,4903.691358024691
1202,8.0,0.0,1989,4702.314285714286
1203,8.0,0.0,1990,4930.731343283582
1204,8.0,0.0,1991,5073.90365448505
1205,8.0,0.0,1992,4956.095617529881
1206,8.0,0.0,1993,5075.070833333333
1207,8.0,0.0,1994,4931.662447257384
1208,8.0,0.0,1995,4987.471204188481
1209,8.0,0.0,1996,5025.904214559387
1210,8.0,0.0,1997,4848.0
1211,8.0,0.0,1998,4995.1614173228345
1212,8.0,0.0,1999,4980.340314136126
1213,8.0,0.0,2000,5182.829629629629
1214,8.0,0.0,2001,4946.954248366013
1215,8.0,0.0,2002,5009.825757575758
1216,8.0,0.0,2003,5072.826446280992
1217,8.0,0.0,2004,5235.9496855345915
1218,8.0,0.0,2005,5188.034420289855
1219,8.0,0.0,2006,5132.824644549763
1220,8.0,0.0,2007,5166.61646234676
1221,8.0,0.0,2008,5166.954706298656
1222,8.0,0.0,2009,5189.685867895545
1223,8.0,0.0,2010,5103.759447674419
1224,8.0,0.0,2011,5160.7812257564
1225,8.0,0.0,2012,5205.8580310880825
1226,8.0,0.0,2013,5302.0472103004295
1227,8.0,0.0,2014,5375.031512605042
1228,8.0,0.0,2015,5386.365048543689
1229,8.0,0.0,2016,5350.168614357262
1230,8.0,0.0,2017,5341.93567251462
1231,8.0,0.0,2018,5330.477737665463
1232,8.0,0.0,2019,5366.038961038961
1233,8.0,0.0,2020,5354.20506329114
1234,8.0,0.0,2021,5321.050136736554
1235,8.0,0.0,2022,5331.337104072398
1236,8.0,0.0,2023,5288.2962962962965
1237,8.0,1.0,1992,4368.788888888889
1238,8.0,1.0,1993,4534.322916666667
1239,8.0,1.0,1994,4265.970588235294
1240,8.0,1.0,1995,4335.575862068966
1241,8.0,1.0,1996,4812.264705882353
1242,8.0,1.0,1997,4712.2
1243,8.0,1.0,1998,4997.066666666667
1244,8.0,1.0,1999,4653.065217391304
1245,8.0,1.0,2000,4890.107692307693
1246,8.0,1.0,2001,4869.923076923077
1247,8.0,1.0,2002,4727.510638297872
1248,8.0,1.0,2003,4622.340425531915
1249,8.0,1.0,2004,4873.72
1250,8.0,1.0,2005,4934.75
1251,8.0,1.0,2006,4677.619047619048
1252,8.0,1.0,2007,4821.710526315789
1253,8.0,1.0,2008,4578.478873239436
1254,8.0,1.0,2009,4570.375
1255,8.0,1.0,2010,4482.758620689655
1256,8.0,1.0,2011,4606.851851851852
1257,8.0,1.0,2012,4527.153846153846
1258,8.0,1.0,2013,4596.055555555556
1259,8.0,1.0,2014,4686.789473684211
1260,8.0,1.0,2015,4728.323529411765
1261,8.0,1.0,2016,4901.96
1262,8.0,1.0,2017,5106.725
1263,8.0,1.0,2018,5051.340909090909
1264,8.0,1.0,2019,4405.90625
1265,8.0,1.0,2020,4854.05
1266,8.0,1.0,2021,4940.553191489362
1267,8.0,1.0,2022,4934.466666666666
1268,8.0,1.0,2023,5020.0
1269,8.0,2.0,1996,4593.14
1270,8.0,2.0,1997,4527.425837320574
1271,8.0,2.0,1998,4165.724503311259
1272,8.0,2.0,1999,4249.224924012158
1273,8.0,2.0,2000,4204.075351213282
1274,8.0,2.0,2001,4391.461111111111
1275,8.0,2.0,2002,4505.71974522293
1276,8.0,2.0,2003,4564.818181818182
1277,8.0,2.0,2004,4580.104166666667
1278,8.0,2.0,2005,4581.860606060606
1279,8.0,2.0,2006,4459.597122302158
1280,8.0,2.0,2007,4477.284722222223
1281,8.0,2.0,2008,4561.337423312883
1282,8.0,2.0,2009,4766.2874251497005
1283,8.0,2.0,2010,4568.5
1284,8.0,2.0,2011,4346.619469026548
1285,8.0,2.0,2012,4392.85046728972
1286,8.0,2.0,2013,4378.623076923077
1287,8.0,2.0,2014,4469.509554140127
1288,8.0,2.0,2015,4393.958823529411
1289,8.0,2.0,2016,4575.651960784314
1290,8.0,2.0,2017,4530.352272727273
1291,8.0,2.0,2018,4610.841463414634
1292,8.0,2.0,2019,4684.7155172413795
1293,8.0,2.0,2020,4682.1509433962265
1294,8.0,2.0,2021,4782.972727272727
1295,8.0,2.0,2022,4651.627906976744
1296,8.0,2.0,2023,4208.631578947368
1297,8.0,4.0,2000,4432.753393665158
1298,8.0,4.0,2001,4322.349413298566
1299,8.0,4.0,2002,4356.52743902439
1300,8.0,4.0,2003,4303.030341340076
1301,8.0,4.0,2004,4424.654520917678
1302,8.0,4.0,2005,4468.085551330799
1303,8.0,4.0,2006,4430.869942196532
1304,8.0,4.0,2007,4434.349152542373
1305,8.0,4.0,2008,4518.0625
1306,8.0,4.0,2009,4593.771812080537
1307,8.0,4.0,2010,4662.5137254901965
1308,8.0,4.0,2011,4526.822580645161
1309,8.0,4.0,2012,4487.246987951808
1310,8.0,4.0,2013,4587.082644628099
1311,8.0,4.0,2014,4531.428571428572
1312,8.0,4.0,2015,4519.183098591549
1313,8.0,4.0,2016,4597.360465116279
1314,8.0,4.0,2017,4567.539845758355
1315,8.0,4.0,2018,4584.594936708861
1316,8.0,4.0,2019,4568.535143769968
1317,8.0,4.0,2020,4711.490683229814
1318,8.0,4.0,2021,4742.573298429319
1319,8.0,4.0,2022,4701.948148148148
1320,8.0,4.0,2023,4775.588235294118
1321,8.0,4.0,2000,4244.6
1322,8.0,4.0,2001,4451.087248322147
1323,8.0,4.0,2002,4611.196110210697
1324,8.0,4.0,2003,4499.747761194029
1325,8.0,4.0,2004,4504.435546875
1326,8.0,4.0,2005,4631.277115987461
1327,8.0,4.0,2006,4681.024489795918
1328,8.0,4.0,2007,4649.872727272727
1329,8.0,4.0,2008,4622.020786516854
1330,8.0,4.0,2009,4679.75350877193
1331,8.0,4.0,2010,4684.9671052631575
1332,8.0,4.0,2011,4668.134959349593
1333,8.0,4.0,2012,4663.688659793815
1334,8.0,4.0,2013,4686.719730941704
1335,8.0,4.0,2014,4733.253846153846
1336,8.0,4.0,2015,4740.926773455378
1337,8.0,4.0,2016,4767.3156899810965
1338,8.0,4.0,2017,4733.502354788069
1339,8.0,4.0,2018,4739.951715374841
1340,8.0,4.0,2019,4753.563424947146
1341,8.0,4.0,2020,4752.8158379373845
1342,8.0,4.0,2021,4768.527186761229
1343,8.0,4.0,2022,4788.2891666666665
1344,8.0,4.0,2023,4753.246696035242
1345,8.0,5.0,2008,4395.0
1346,8.0,5.0,2009,4750.595959595959
1347,8.0,5.0,2010,4774.137152777777
1348,8.0,5.0,2011,4695.132564841499
1349,8.0,5.0,2012,4721.120466321244
1350,8.0,5.0,2013,4580.6933187294635
1351,8.0,5.0,2014,4590.937634408602
1352,8.0,5.0,2015,4637.79781420765
1353,8.0,5.0,2016,4650.501519756839
1354,8.0,5.0,2017,4645.6377551020405
1355,8.0,5.0,2018,4678.022764227642
1356,8.0,5.0,2019,4732.134615384615
1357,8.0,5.0,2020,4800.611445783133
1358,8.0,5.0,2021,4815.083028083028
1359,8.0,5.0,2022,4878.11964549483
1360,8.0,5.0,2023,4833.915094339623
1361,8.0,6.0,2005,4398.0
1362,8.0,6.0,2012,4395.0
1363,8.0,6.0,2013,4638.411764705882
1364,8.0,6.0,2014,4627.040404040404
1365,8.0,6.0,2015,4512.476635514019
1366,8.0,6.0,2016,4463.923456790123
1367,8.0,6.0,2017,4343.989873417721
1368,8.0,6.0,2018,4285.557202133966
1369,8.0,6.0,2019,4319.7902168431665
1370,8.0,6.0,2020,4273.737274220033
1371,8.0,6.0,2021,4269.376470588235
1372,8.0,6.0,2022,4256.175499231951
1373,8.0,6.0,2023,4254.690476190476
1374,8.0,7.0,2015,5967.0
1375,8.0,7.0,2016,4969.0
1376,8.0,7.0,2017,3996.0
1377,8.0,7.0,2018,3996.0
1378,8.0,7.0,2019,3987.764705882353
1379,10.0,0.0,2005,7994.0
1380,10.0,1.0,1994,7990.0
1381,10.0,1.0,1996,7990.0
1382,10.0,1.0,1998,7990.0
1383,10.0,1.0,2001,7990.0
1384,10.0,1.0,2002,7990.0
1385,10.0,1.0,2004,7990.0
1386,10.0,1.0,2006,7992.0
1387,10.0,1.0,2008,7990.0
1388,10.0,1.0,2010,7995.0
1389,10.0,1.0,2011,8000.0
1390,10.0,1.0,2013,8200.0
1391,10.0,1.0,2018,7990.0
1392,10.0,1.0,2019,7994.0
1393,10.0,1.0,2020,7995.0
1394,10.0,1.0,2022,7998.0
1395,10.0,2.0,1997,7990.0
1396,10.0,2.0,1998,7990.0
1397,10.0,2.0,1999,7990.0
1398,10.0,2.0,2005,7990.0
1399,10.0,2.0,2007,8000.0
1400,10.0,2.0,2008,7990.0
1401,10.0,2.0,2009,6800.0
1402,10.0,2.0,2013,7391.0
1403,10.0,2.0,2014,6800.0
1404,10.0,2.0,2015,7994.0
1405,10.0,2.0,2016,8000.0
1406,10.0,2.0,2017,7990.0
1407,10.0,2.0,2018,7398.5
1408,10.0,2.0,2021,7020.166666666667
1409,10.0,2.0,2022,6800.0
1410,10.0,4.0,2003,4921.0
1411,10.0,4.0,2004,4932.285714285715
1412,10.0,4.0,2005,5138.25
1413,10.0,4.0,2006,5672.111111111111
1414,10.0,4.0,2007,6168.0
1415,10.0,4.0,2008,5740.125
1416,10.0,4.0,2009,6306.5
1417,10.0,4.0,2010,7070.25
1418,10.0,4.0,2011,6978.125
1419,10.0,4.0,2012,6388.0
1420,10.0,4.0,2013,5532.666666666667
1421,10.0,4.0,2015,4961.0
1422,10.0,4.0,2016,4961.0
1423,10.0,4.0,2017,5976.0
1424,10.0,4.0,2018,6199.714285714285
1425,10.0,4.0,2019,6607.0
1426,10.0,4.0,2020,5912.2
1427,10.0,4.0,2021,6537.0
1428,10.0,4.0,2022,6475.5
1429,10.0,4.0,2023,7990.0
1430,10.0,4.0,2004,5733.0
1431,10.0,4.0,2005,5038.641025641025
1432,10.0,4.0,2006,5105.698275862069
1433,10.0,4.0,2007,5136.217054263566
1434,10.0,4.0,2008,5128.73
1435,10.0,4.0,2009,5151.514705882353
1436,10.0,4.0,2010,5246.591836734694
1437,10.0,4.0,2011,5183.66
1438,10.0,4.0,2012,5095.0
1439,10.0,4.0,2013,5318.884615384615
1440,10.0,4.0,2014,5050.757575757576
1441,10.0,4.0,2015,5206.027777777777
1442,10.0,4.0,2016,5139.777777777777
1443,10.0,4.0,2017,5180.120689655172
1444,10.0,4.0,2018,5086.507462686567
1445,10.0,4.0,2019,5150.375
1446,10.0,4.0,2020,5149.808219178082
1447,10.0,4.0,2021,5144.887640449439
1448,10.0,4.0,2022,5222.424657534247
1449,10.0,4.0,2023,5046.5
1450,10.0,5.0,2011,6756.0
1451,10.0,5.0,2012,5204.0
1452,10.0,5.0,2013,5204.0
1453,10.0,5.0,2014,5159.666666666667
1454,10.0,5.0,2015,5268.777777777777
1455,10.0,5.0,2016,5204.0
1456,10.0,5.0,2017,5204.0
1457,10.0,5.0,2018,5488.727272727273
1458,10.0,5.0,2019,5500.5
1459,10.0,5.0,2020,5715.5
1460,10.0,5.0,2021,5191.1875
1461,10.0,5.0,2022,5571.2307692307695
1462,10.0,5.0,2023,5204.0
1463,10.0,6.0,2015,5204.0
1464,10.0,6.0,2016,5204.0
1465,10.0,6.0,2017,5204.0
1466,10.0,6.0,2018,5253.875
1467,10.0,6.0,2019,5253.875
1468,10.0,6.0,2020,5391.764705882353
1469,10.0,6.0,2021,5251.462686567164
1470,10.0,6.0,2022,5204.0
1471,10.0,6.0,2023,5204.0
1472,12.0,0.0,1952,2563.0
1473,12.0,0.0,1963,3000.0
1474,12.0,0.0,1972,5265.5
1475,12.0,0.0,1973,5321.5
1476,12.0,0.0,1975,4871.666666666667
1477,12.0,0.0,1976,2954.0
1478,12.0,0.0,1977,5300.0
1479,12.0,0.0,1978,5345.0
1480,12.0,0.0,1979,5344.2
1481,12.0,0.0,1980,5344.0
1482,12.0,0.0,1981,5345.0
1483,12.0,0.0,1982,5345.0
1484,12.0,0.0,1983,5345.0
1485,12.0,0.0,1984,5333.66
1486,12.0,0.0,1985,5306.714285714285
1487,12.0,0.0,1986,5321.807692307692
1488,12.0,0.0,1987,5309.818181818182
1489,12.0,0.0,1988,5225.117647058823
1490,12.0,0.0,1989,5221.955555555555
1491,12.0,0.0,1990,5186.428571428572
1492,12.0,0.0,1991,5192.0
1493,12.0,0.0,1992,5355.0
1494,12.0,0.0,1993,5360.444444444444
1495,12.0,0.0,1994,5262.545454545455
1496,12.0,0.0,1995,5291.28125
1497,12.0,0.0,1996,5247.0392156862745
1498,12.0,0.0,1997,5202.6
1499,12.0,0.0,1998,5220.985074626866
1500,12.0,0.0,1999,5214.0
1501,12.0,0.0,2000,5172.2962962962965
1502,12.0,0.0,2001,5318.222222222223
1503,12.0,0.0,2002,5263.684210526316
1504,12.0,0.0,2003,5266.375
1505,12.0,0.0,2004,5247.818181818182
1506,12.0,0.0,2005,5049.95
1507,12.0,0.0,2006,5089.16
1508,12.0,0.0,2007,5745.195121951219
1509,12.0,0.0,2008,5169.551020408163
1510,12.0,0.0,2009,5238.958333333333
1511,12.0,0.0,2010,5063.727272727273
1512,12.0,0.0,2011,5262.176470588235
1513,12.0,0.0,2012,5105.833333333333
1514,12.0,0.0,2013,4978.421052631579
1515,12.0,0.0,2014,5043.636363636364
1516,12.0,0.0,2015,5155.133333333333
1517,12.0,0.0,2016,4803.178571428572
1518,12.0,0.0,2017,4880.461538461538
1519,12.0,0.0,2018,5015.317073170731
1520,12.0,0.0,2019,4922.781818181818
1521,12.0,0.0,2020,5153.078431372549
1522,12.0,0.0,2021,4770.590909090909
1523,12.0,0.0,2022,4690.96875
1524,12.0,0.0,2023,4230.25
1525,12.0,1.0,1992,5343.285714285715
1526,12.0,1.0,1993,5594.6
1527,12.0,1.0,1994,5887.365384615385
1528,12.0,1.0,1995,5942.068965517241
1529,12.0,1.0,1996,5726.0
1530,12.0,1.0,1997,5610.714285714285
1531,12.0,1.0,1998,5816.0
1532,12.0,1.0,1999,5588.2307692307695
1533,12.0,1.0,2000,5767.25
1534,12.0,1.0,2001,5843.0
1535,12.0,1.0,2002,5496.384615384615
1536,12.0,1.0,2003,5565.928571428572
1537,12.0,1.0,2004,5637.363636363636
1538,12.0,1.0,2005,5522.6
1539,12.0,1.0,2006,5154.0
1540,12.0,1.0,2007,5814.5
1541,12.0,1.0,2008,5672.315789473684
1542,12.0,1.0,2009,5680.7
1543,12.0,1.0,2010,5678.722222222223
1544,12.0,1.0,2011,5817.45
1545,12.0,1.0,2012,5668.9
1546,12.0,1.0,2013,5584.153846153846
1547,12.0,1.0,2014,5772.285714285715
1548,12.0,1.0,2015,5465.0
1549,12.0,1.0,2016,5683.0
1550,12.0,1.0,2017,5360.375
1551,12.0,1.0,2018,5460.0
1552,12.0,1.0,2019,5656.0
1553,12.0,1.0,2020,5527.454545454545
1554,12.0,1.0,2021,5775.5
1555,12.0,1.0,2022,5773.8
1556,12.0,1.0,2023,5727.0
1557,12.0,2.0,1994,5786.0
1558,12.0,2.0,1996,5983.188679245283
1559,12.0,2.0,1997,5937.736842105263
1560,12.0,2.0,1998,5492.423076923077
1561,12.0,2.0,1999,5533.518518518518
1562,12.0,2.0,2000,5690.742857142857
1563,12.0,2.0,2001,5592.142857142857
1564,12.0,2.0,2002,5468.333333333333
1565,12.0,2.0,2003,5509.2
1566,12.0,2.0,2004,5639.222222222223
1567,12.0,2.0,2005,5613.125
1568,12.0,2.0,2006,5560.0
1569,12.0,2.0,2007,5544.0
1570,12.0,2.0,2008,5589.714285714285
1571,12.0,2.0,2009,5572.666666666667
1572,12.0,2.0,2010,5622.888888888889
1573,12.0,2.0,2011,5434.2
1574,12.0,2.0,2012,5695.875
1575,12.0,2.0,2013,5784.333333333333
1576,12.0,2.0,2014,5775.0
1577,12.0,2.0,2015,5515.909090909091
1578,12.0,2.0,2016,5555.833333333333
1579,12.0,2.0,2017,5393.5
1580,12.0,2.0,2018,5637.0
1581,12.0,2.0,2019,5702.928571428572
1582,12.0,2.0,2020,5409.375
1583,12.0,2.0,2021,5638.363636363636
1584,12.0,2.0,2022,5651.357142857143
1585,12.0,2.0,2023,5577.75
1586,12.0,4.0,2000,5689.367346938776
1587,12.0,4.0,2001,5752.25
1588,12.0,4.0,2002,5829.892857142857
1589,12.0,4.0,2003,5793.178571428572
1590,12.0,4.0,2004,5573.3125
1591,12.0,4.0,2005,5824.307692307692
1592,12.0,4.0,2006,5881.0
1593,12.0,4.0,2007,5773.5625
1594,12.0,4.0,2008,5946.866666666667
1595,12.0,4.0,2009,6088.833333333333
1596,12.0,4.0,2010,5742.210526315789
1597,12.0,4.0,2011,5513.5
1598,12.0,4.0,2012,5867.909090909091
1599,12.0,4.0,2013,5799.428571428572
1600,12.0,4.0,2014,5729.285714285715
1601,12.0,4.0,2015,5749.761904761905
1602,12.0,4.0,2016,5785.384615384615
1603,12.0,4.0,2017,5851.65
1604,12.0,4.0,2018,5735.441176470588
1605,12.0,4.0,2019,5811.813953488372
1606,12.0,4.0,2020,5742.592592592592
1607,12.0,4.0,2021,5958.578947368421
1608,12.0,4.0,2022,5766.2
1609,12.0,4.0,2023,5838.5
1610,12.0,4.0,2001,5891.0
1611,12.0,4.0,2002,5878.75
1612,12.0,4.0,2003,5834.417910447762
1613,12.0,4.0,2004,5943.313131313132
1614,12.0,4.0,2005,5955.5321637426905
1615,12.0,4.0,2006,5894.938202247191
1616,12.0,4.0,2007,5919.3828125
1617,12.0,4.0,2008,5946.680555555556
1618,12.0,4.0,2009,5909.861386138614
1619,12.0,4.0,2010,5926.134146341464
1620,12.0,4.0,2011,5945.617021276596
1621,12.0,4.0,2012,5947.311111111111
1622,12.0,4.0,2013,5933.6
1623,12.0,4.0,2014,5941.555555555556
1624,12.0,4.0,2015,5912.851851851852
1625,12.0,4.0,2016,5911.56338028169
1626,12.0,4.0,2017,5954.070422535211
1627,12.0,4.0,2018,5978.369047619048
1628,12.0,4.0,2019,5956.711111111111
1629,12.0,4.0,2020,5943.380530973452
1630,12.0,4.0,2021,5947.956896551724
1631,12.0,4.0,2022,5926.288888888889
1632,12.0,4.0,2023,5809.0
1633,12.0,5.0,2009,5972.0
1634,12.0,5.0,2010,6085.387096774193
1635,12.0,5.0,2011,6017.96
1636,12.0,5.0,2012,6102.586206896552
1637,12.0,5.0,2013,6075.298245614035
1638,12.0,5.0,2014,6086.818181818182
1639,12.0,5.0,2015,6090.6511627906975
1640,12.0,5.0,2016,6164.222222222223
1641,12.0,5.0,2017,6135.744680851064
1642,12.0,5.0,2018,6115.45652173913
1643,12.0,5.0,2019,6137.4047619047615
1644,12.0,5.0,2020,6119.450980392156
1645,12.0,5.0,2021,6099.021276595745
1646,12.0,5.0,2022,6100.5
1647,12.0,5.0,2023,6168.0
1648,12.0,6.0,2013,6096.0
1649,12.0,6.0,2014,6126.225
1650,12.0,6.0,2015,6158.78125
1651,12.0,6.0,2016,6124.65625
1652,12.0,6.0,2017,5938.0
1653,12.0,6.0,2018,6197.4
1654,12.0,6.0,2019,6066.0
1655,12.0,6.0,2020,6056.894117647059
1656,12.0,6.0,2021,6158.441441441441
1657,12.0,6.0,2022,6165.671428571429
1658,12.0,6.0,2023,6153.0
1659,14.0,4.0,2012,1587.0
1660,15.0,0.0,2017,1570.0
1661,15.0,4.0,2016,1598.0
1662,15.0,5.0,2021,1596.0
1663,16.0,0.0,2010,7111.0
1664,16.0,0.0,2021,8042.0
1665,16.0,0.0,2022,7413.0
1666,16.0,4.0,2007,7993.0
1667,16.0,4.0,2013,7993.0
1668,16.0,4.0,2015,7993.0
1669,16.0,4.0,2019,7993.0
1670,16.0,5.0,2014,7993.0
1671,16.0,6.0,2017,7993.0
1672,16.0,6.0,2018,7993.0
1673,16.0,6.0,2022,7993.0
1674,17.0,0.0,2014,1797.0
